rank,rank_change,prev_rank,country,player1,player2,member_id1,member_id2,points,tournaments,profile_link1,profile_link2
1,2,3,DEN/DEN,Thomas LAYBOURN,Kamilla Rytter JUHL,11935,51436,62520,9,https://bwf.tournamentsoftware.com/player-profile/131762C7-75CD-423D-A833-4C3A4EAF8DAD,https://bwf.tournamentsoftware.com/player-profile/20637175-FA61-41DB-9DA9-2A9127D65E2E
2,0,2,INA/INA,Nova WIDIANTO,Liliyana NATSIR,7934,14727,61520,9,https://bwf.tournamentsoftware.com/player-profile/95DFA507-FF47-4463-9BA0-D80C2CF7E68F,https://bwf.tournamentsoftware.com/player-profile/A7355D9C-1D9A-4300-A939-BE6D9DD4F00A
3,1,4,INA/INA,Hendra Aprida GUNAWAN,Vita MARISSA,11401,10360,57790,13,https://bwf.tournamentsoftware.com/player-profile/746E3179-22D2-48F8-82A4-BCA9E472A954,https://bwf.tournamentsoftware.com/player-profile/5B22630F-99BD-423D-BA6F-CE50F4090D9F
4,-3,1,KOR/KOR,LEE Yong Dae,LEE Hyo Jung,52774,12193,56110,10,https://bwf.tournamentsoftware.com/player-profile/8EBDD2CA-03F6-4431-A558-F4EAB6B8B2E1,https://bwf.tournamentsoftware.com/player-profile/6AB876EF-63DA-4E97-A276-321EBA796ABE
5,0,5,POL/POL,Robert MATEUSIAK,Nadiezda ZIEBA,4253,50054,51250,13,https://bwf.tournamentsoftware.com/player-profile/1592B412-2F56-4D28-9166-AB22BAE6C03A,https://bwf.tournamentsoftware.com/player-profile/7D6B3C4E-7717-4E42-A5B7-C9B65B111224
6,0,6,CHN/CHN,HE Hanbin,YU Yang (F),53940,51667,49320,8,https://bwf.tournamentsoftware.com/player-profile/B0E69779-5C3E-4B45-80B5-6EAFF77E289C,https://bwf.tournamentsoftware.com/player-profile/740D0C46-DB36-4F42-BB3C-0E0C592CE7B7
7,2,9,IND/IND,V. Diju,Jwala GUTTA,51369,50884,47800,14,https://bwf.tournamentsoftware.com/player-profile/E5707F71-3670-4B66-8970-5EC4D03E091C,https://bwf.tournamentsoftware.com/player-profile/D28DF6CB-3B5B-42DB-8347-5519A0117429
8,0,8,CHN/CHN,JIAMING Tao,ZHANG Yawen,20865,50915,45090,8,https://bwf.tournamentsoftware.com/player-profile/DF3E88B7-C7F1-45C0-9C1A-2063D07C8466,https://bwf.tournamentsoftware.com/player-profile/F00CEB6D-9E1B-46FA-A6E5-ADDE13DA2850
9,1,10,THA/THA,Songphon ANUGRITAYAWON,Kunchala VORAVICHITCHAIKUL,50736,50739,42860,10,https://bwf.tournamentsoftware.com/player-profile/BC12E64C-FF82-4999-8647-7F5E29BCC7D2,https://bwf.tournamentsoftware.com/player-profile/81E13955-924F-4604-84D4-2C433BDF4C24
10,-3,7,CHN/CHN,ZHENG Bo,MA Jin,51282,95281,40020,7,https://bwf.tournamentsoftware.com/player-profile/A489777A-1AAB-4494-BDAA-6682EFE2F509,https://bwf.tournamentsoftware.com/player-profile/FCF2D049-4CF1-4917-B562-B42D9BFE8590
11,2,13,KOR/KOR,KO Sung Hyun,HA Jung Eun,88094,15412,38800,12,https://bwf.tournamentsoftware.com/player-profile/21922655-3624-4FDE-B43D-12DF437B0B71,https://bwf.tournamentsoftware.com/player-profile/8C2E8CD1-01C5-4CDA-9D3A-5F2846F477B1
12,0,12,ENG/ENG,Nathan ROBERTSON,Jenny WALLWORK,7572,53188,37480,10,https://bwf.tournamentsoftware.com/player-profile/20B5BC86-2D31-406F-8027-C0B6FF343FF4,https://bwf.tournamentsoftware.com/player-profile/9ED48495-9D08-492F-919B-5D79C6C9B318
13,-2,11,DEN/DEN,Joachim FISCHER NIELSEN,Christinna PEDERSEN,10513,53759,36860,5,https://bwf.tournamentsoftware.com/player-profile/172BA76B-8D40-4849-A75A-3F0CDD5DD59E,https://bwf.tournamentsoftware.com/player-profile/85081060-9A74-4413-9FF1-C180EF881904
14,1,15,KOR/KOR,YOO Yeon Seong,KIM Min Jung,52273,53333,33750,9,https://bwf.tournamentsoftware.com/player-profile/ADFC60B0-2055-48B3-9309-44D3C819B3FF,https://bwf.tournamentsoftware.com/player-profile/E58CDFBC-7E6B-4021-8F7B-32E22E7A533B
15,1,16,MAS/MAS,CHAN Peng Soon,GOH Liu Ying,53142,53159,33080,10,https://bwf.tournamentsoftware.com/player-profile/3E1CDEED-38B5-482D-8A60-5C07E4F39549,https://bwf.tournamentsoftware.com/player-profile/B75C85D0-4075-4638-8EA2-00DCFDD92F13
16,-2,14,THA/THA,Sudket PRAPAKAMOL,Saralee THOUNGTHONGKAM,10650,7065,32940,9,https://bwf.tournamentsoftware.com/player-profile/CB2D7136-5DD5-4C80-87FE-3F7BD96DA619,https://bwf.tournamentsoftware.com/player-profile/4830B811-EC02-4B57-AC7F-1FD3AA53108E
17,2,19,INA/INA,Fran KURNIAWAN,Pia Zebadiah BERNADET,52751,52730,31560,11,https://bwf.tournamentsoftware.com/player-profile/9E69198B-FFD4-404A-A671-BCBFD66D39AC,https://bwf.tournamentsoftware.com/player-profile/1F05B505-5CEC-43A4-8AFC-DA4B08C099FB
18,0,18,JPN/JPN,Hirokatsu HASHIMOTO,Mizuki FUJII,74326,54533,31360,10,https://bwf.tournamentsoftware.com/player-profile/34A94765-1B96-4707-8C27-69C77B737F12,https://bwf.tournamentsoftware.com/player-profile/8617081C-C6FB-4712-AF7D-FA18ECF064E0
19,6,25,DEN/DEN,Mikkel DELBO LARSEN,Mie SCHJOETT-KRISTENSEN,51595,14983,30210,9,https://bwf.tournamentsoftware.com/player-profile/CB0CB7D2-DE1C-4BEB-A1AC-D3FA536F2CDE,https://bwf.tournamentsoftware.com/player-profile/55FA2352-02B7-49D3-8493-5DAEBB13A876
20,-3,17,HKG/HKG,WIRATAMA Yohan Hadikusumo,CHAU Hoi Wah,7944,55285,30080,9,https://bwf.tournamentsoftware.com/player-profile/2511182B-CDA9-48E8-B42C-B6473D72D27B,https://bwf.tournamentsoftware.com/player-profile/EEE177C5-DFBE-4DDC-8069-86831DD8E289
21,-1,20,ENG/ENG,Chris ADCOCK,Gabrielle ADCOCK,70333,62844,29210,13,https://bwf.tournamentsoftware.com/player-profile/42DF1168-BE4D-4D31-9F59-ED5B801DCD83,https://bwf.tournamentsoftware.com/player-profile/DC87840A-9CF6-4CAA-BA1F-23E03A5D191D
22,9,31,TPE/TPE,LEE Sheng Mu,CHIEN Yu Chin,52931,9846,28890,11,https://bwf.tournamentsoftware.com/player-profile/C91BBD1F-BF99-4221-A129-45DAB5A636A2,https://bwf.tournamentsoftware.com/player-profile/FF9882EF-C14B-414D-ACB7-A3521DB0E2F4
23,-2,21,CAN/CAN,Toby NG,Grace GAO,53930,15984,28799,12,https://bwf.tournamentsoftware.com/player-profile/3A49F720-7C3E-4A54-BE6D-3C5EDFA4860E,https://bwf.tournamentsoftware.com/player-profile/6A90834B-25AC-4477-9795-C8A1DC6B048C
24,-2,22,AUS/JEY,Robin MIDDLETON,Mariana AGATHANGELOU,51623,53854,28480,13,https://bwf.tournamentsoftware.com/player-profile/73D60166-0321-46D4-BEB8-52CDE80C905C,https://bwf.tournamentsoftware.com/player-profile/289E95B4-EA83-46BA-9E58-67B310CD7411
25,-2,23,UKR/UKR,Valeriy ATRASHCHENKOV,Elena PRUS,52290,52301,28430,15,https://bwf.tournamentsoftware.com/player-profile/E95DE1A1-2A58-4ED1-A71A-ED00D3DB9CC9,https://bwf.tournamentsoftware.com/player-profile/2230441D-2CB3-4055-9857-69026B3A130F
26,-2,24,RUS/RUS,Alexandr NIKOLAENKO,Valeria SOROKINA,10484,46862,28200,9,https://bwf.tournamentsoftware.com/player-profile/B95C6B64-E29E-4936-BA65-A6A07DDFC7EE,https://bwf.tournamentsoftware.com/player-profile/1BFBFBAE-BE0C-4929-9F95-F2C729079BB9
27,0,27,NZL/NZL,Henry TAM,Donna HALIDAY,15632,13357,27725,16,https://bwf.tournamentsoftware.com/player-profile/094AE460-B126-419F-AA2E-522BBB5C89A5,https://bwf.tournamentsoftware.com/player-profile/B9578D99-0802-44F0-914F-4792D1786316
28,0,28,RUS/RUS,Vitalij DURKIN,Nina VISLOVA,9238,15311,26810,9,https://bwf.tournamentsoftware.com/player-profile/D54024AE-61C1-4551-8301-E99E17803DCD,https://bwf.tournamentsoftware.com/player-profile/7BF00E36-2493-42F5-9C1A-8F4D5CC4AC6E
29,3,32,FRA/FRA,Baptiste CAREME,Laura CHOINET,51837,51364,25940,12,https://bwf.tournamentsoftware.com/player-profile/C76A7F12-1E4E-4D13-8A80-8A670FA778F7,https://bwf.tournamentsoftware.com/player-profile/6EE66B4A-7855-4CC8-8EED-46BE8A0291ED
30,3,33,KOR/KOR,SHIN Baekcheol,YOO Hyun Young,54785,54359,25510,7,https://bwf.tournamentsoftware.com/player-profile/0E1DAEAC-2332-4C95-815D-2263209B124F,https://bwf.tournamentsoftware.com/player-profile/7F038D2E-8E8B-4FE8-90F3-4BC45EEBF00B
31,3,34,CHN/CHN,CHEN Zhiben,ZHANG Jinkang,40644,14615,24720,5,https://bwf.tournamentsoftware.com/player-profile/47247160-DA52-43B8-908D-F3FC29405B40,https://bwf.tournamentsoftware.com/player-profile/4F100516-56EE-4EF2-AEF5-C931896EC85B
32,10,42,TPE/TPE,FANG Chieh Min,WANG Pei Rong,52930,52997,24420,8,https://bwf.tournamentsoftware.com/player-profile/6BC33BB5-869E-45D2-9D25-0A59E87394A5,https://bwf.tournamentsoftware.com/player-profile/A8AAF8AF-37BF-4878-94F6-77CC00C10C76
33,-4,29,TPE/TPE,CHEN Hung Ling,CHOU Chia Chi,53613,50282,24300,6,https://bwf.tournamentsoftware.com/player-profile/9621265B-FAA8-4DDA-9744-0FF29AB75436,https://bwf.tournamentsoftware.com/player-profile/9A86D21C-D8BB-4445-8B81-487495F2180E
34,1,35,BEL/BEL,Wouter CLAES,Nathalie DESCAMPS,8829,50021,24110,10,https://bwf.tournamentsoftware.com/player-profile/B151D4F9-6E73-4D29-B145-D955A5D4D820,https://bwf.tournamentsoftware.com/player-profile/D1A45029-0525-4A5B-A3F9-A515BCEAB5C3
35,2,37,BUL/BUL,Stilian MAKARSKI,Diana DIMOVA,15084,13353,23400,12,https://bwf.tournamentsoftware.com/player-profile/923837C7-454C-46B9-AEC6-CFAEA05EAF57,https://bwf.tournamentsoftware.com/player-profile/FB022C4E-F557-4F00-B9EB-C12DAE0D493A
36,-7,29,INA/INA,Devin Lahardi FITRIAWAN,Lita NURLITA,51095,50463,22920,6,https://bwf.tournamentsoftware.com/player-profile/22F7AD64-BBF5-4DD2-8E5A-134D0A690ADF,https://bwf.tournamentsoftware.com/player-profile/CDFD4067-D36A-4D9C-A2C1-77AF2C7E55EB
37,15,52,SGP/SGP,Chayut TRIYACHART,Lei YAO,54662,53796,22320,7,https://bwf.tournamentsoftware.com/player-profile/2354E4E8-01CD-4107-B050-5CB6A9615BC1,https://bwf.tournamentsoftware.com/player-profile/B5270299-54B9-482D-AF8B-9CB5F5891F97
38,1,39,INA/TPE,Flandy LIMPELE,CHENG Wen Hsing,5612,10947,22280,5,https://bwf.tournamentsoftware.com/player-profile/07808B14-1E31-4482-880A-D600ED3E24BE,https://bwf.tournamentsoftware.com/player-profile/0EC45A3B-10AA-4FBA-B9AB-4D374036EC92
39,2,41,NED/NED,Dave KHODABUX,Samantha BARNING,51616,53833,22200,12,https://bwf.tournamentsoftware.com/player-profile/E5519AE2-1D7C-48F8-8593-17563C95061B,https://bwf.tournamentsoftware.com/player-profile/7F4173F1-60C4-48B7-89C7-C0E2BF36CF35
40,3,43,AUS/AUS,Raj VEERAN,Renuga VEERAN,15704,15717,21690,10,https://bwf.tournamentsoftware.com/player-profile/5256853E-0C81-4985-AD56-DBCEAD906540,https://bwf.tournamentsoftware.com/player-profile/AFB4AA50-B517-42E0-B9E5-91003C5DFFAA
41,3,44,JPN/JPN,Shintaro IKEDA,Reiko SHIOTA,52261,51223,21230,8,https://bwf.tournamentsoftware.com/player-profile/C6F04DFB-D810-4564-890A-C835A8343B4F,https://bwf.tournamentsoftware.com/player-profile/2839D8E5-8712-40BF-81EF-87D8BD057351
42,3,45,HKG/HKG,WONG Wai Hong,KOON Wai Chee,51307,5849,21200,8,https://bwf.tournamentsoftware.com/player-profile/44568EF1-7779-4B6B-B199-764BEEF0DDEF,https://bwf.tournamentsoftware.com/player-profile/0EDEDAB3-9EDE-4324-973D-03ABEC0E6847
43,3,46,MAS/MAS,Kien Keat KOO,Pei Tty WONG,14288,9162,21120,7,https://bwf.tournamentsoftware.com/player-profile/35B3A06C-F48F-4B28-8C72-E9A461F52EFF,https://bwf.tournamentsoftware.com/player-profile/6B93CD11-6369-4E68-8BFD-F403C9C6A058
44,3,47,INA/INA,Muhammad RIJAL,Debby SUSANTO,14722,4425,20580,7,https://bwf.tournamentsoftware.com/player-profile/0664919D-B4D6-46FE-A802-10A7F99D7A56,https://bwf.tournamentsoftware.com/player-profile/78D3A053-BC8C-470F-B00D-AB6CD2E96839
45,12,57,THA/THA,Patiphat CHALARDCHALEAM,Savitree AMITRAPAI,53549,53582,20250,8,https://bwf.tournamentsoftware.com/player-profile/6E66FC22-D4B9-4194-AB9E-A9761FA247E4,https://bwf.tournamentsoftware.com/player-profile/1532AAFB-A4B6-43D8-90E1-42F11466E683
46,2,48,ENG/ENG,Marcus ELLIS,Heather OLVER,71349,53851,20080,8,https://bwf.tournamentsoftware.com/player-profile/756004F0-C229-44DC-919A-40B08672EFD0,https://bwf.tournamentsoftware.com/player-profile/FD2EF36B-FE73-4E40-89A7-DABEFE9F4E52
47,-11,36,JPN/JPN,Noriyasu HIRATA,Miyuki MAEDA,15380,53150,20070,8,https://bwf.tournamentsoftware.com/player-profile/A71327B3-CAF1-4915-B27D-F5EB3747BFA9,https://bwf.tournamentsoftware.com/player-profile/C69FB839-AA98-4D3B-8F6F-8F50EAFFF521
48,1,49,IRL/IRL,Sam MAGEE,Chloe MAGEE,35374,89666,19800,13,https://bwf.tournamentsoftware.com/player-profile/C0B52B0C-5245-47E2-90F3-9E33ED207A9A,https://bwf.tournamentsoftware.com/player-profile/61A45524-5573-4D57-A3C5-81127A1350EE
49,-23,26,CHN/CHN,XIE Zhongbo,ZHANG Yawen,50919,50915,19440,3,https://bwf.tournamentsoftware.com/player-profile/B72CD35F-62C3-4B65-B286-02C46936DB4D,https://bwf.tournamentsoftware.com/player-profile/F00CEB6D-9E1B-46FA-A6E5-ADDE13DA2850
50,0,50,POL/POL,Wojciech SZKUDLARCZYK,Agnieszka WOJTKOWSKA,15359,53383,19360,9,https://bwf.tournamentsoftware.com/player-profile/E2CB3D95-1095-4A9B-A23C-ACD7F69B0981,https://bwf.tournamentsoftware.com/player-profile/1E679FBE-4609-468B-B817-C3288698EA1A
51,0,51,GER/GER,Ingo KINDERVATER,Birgit OVERZIER,50344,50851,19150,7,https://bwf.tournamentsoftware.com/player-profile/0CADF3B7-0803-4B1F-BFA1-3A054469DF4D,https://bwf.tournamentsoftware.com/player-profile/79229D5E-2208-48D8-99D8-34F1982C5D0D
52,-14,38,NED/NED,Ruud BOSCH,Paulien VAN DOOREMALEN,51615,51670,19130,7,https://bwf.tournamentsoftware.com/player-profile/D0F3CF5E-0884-4259-A983-5113640A42DB,https://bwf.tournamentsoftware.com/player-profile/98C5480B-BCEF-48D2-82C7-BDA4CBCF4F5E
53,-13,40,ENG/ENG,Anthony CLARK,Donna KELLOGG,9819,9646,18660,4,https://bwf.tournamentsoftware.com/player-profile/A42492B5-4119-40D2-B59C-6198DC5EFBFB,https://bwf.tournamentsoftware.com/player-profile/D680F137-4954-4E89-B3EC-77B25C2B2B35
54,-1,53,AUT/AUT,Roman ZIRNWALD,Simone PRUTSCH,13231,10022,18610,12,https://bwf.tournamentsoftware.com/player-profile/200D671F-25F3-4B72-A19D-91B1070DA5CE,https://bwf.tournamentsoftware.com/player-profile/C1A8F711-A91F-42D4-82AB-9D8DACA8EBA3
55,-1,54,ENG/SCO,Chris LANGRIDGE,Jillie COOPER,51624,53127,18360,9,https://bwf.tournamentsoftware.com/player-profile/21E8F31D-D422-41E7-B21B-49707DD2CA45,https://bwf.tournamentsoftware.com/player-profile/3C34D6CF-B1DB-4E20-B152-9A9835435266
56,-1,55,POL/POL,Adam CWALINA,Malgorzata JANIACZYK,15358,15373,18140,11,https://bwf.tournamentsoftware.com/player-profile/766D0EA2-3C64-46FB-9987-EC88A0891B79,https://bwf.tournamentsoftware.com/player-profile/25F2BB31-2B88-401E-AADB-DBC8F8EB2BCE
57,-1,56,MAS/MAS,Jian Guo ONG,Sook Chin CHONG,52074,52880,18130,8,https://bwf.tournamentsoftware.com/player-profile/109BBCD4-0990-43B2-99F3-95B8095CBC4E,https://bwf.tournamentsoftware.com/player-profile/5070F95A-547F-4EEC-B709-B692EE5368E6
58,0,58,CRO/CRO,Zvonimir DURKINJAK,Stasa POZNANOVIC,52250,52942,18010,11,https://bwf.tournamentsoftware.com/player-profile/E2C6E5B3-A514-4301-9023-EC31918DB6BC,https://bwf.tournamentsoftware.com/player-profile/3D3F5AEB-4469-4DC7-9FA0-33685065887E
59,1,60,CHN/CHN,ZHANG Nan,ZHAO Yunlei,35357,54522,17840,3,https://bwf.tournamentsoftware.com/player-profile/61649DF4-7F24-42D0-854D-1332B21E4A9D,https://bwf.tournamentsoftware.com/player-profile/11E5143C-EEB1-456F-BECB-04E324DD3B04
60,1,61,ENG/ENG,Dean GEORGE,Samantha WARD,54418,76523,17330,10,https://bwf.tournamentsoftware.com/player-profile/3E873963-3642-452C-824F-2C8072CD6328,https://bwf.tournamentsoftware.com/player-profile/B0115A20-5D43-4198-8781-B0C01EB651E4
61,1,62,IND/IND,Arun VISHNU,Aparna BALAN,55448,51651,17310,7,https://bwf.tournamentsoftware.com/player-profile/609DBBFB-525D-4829-8020-D31310AC80DC,https://bwf.tournamentsoftware.com/player-profile/9964356A-7EE1-4AB5-BF71-AADBC2BB44C8
62,15,77,ENG/ENG,Anthony CLARK,Heather OLVER,9819,53851,17180,5,https://bwf.tournamentsoftware.com/player-profile/A42492B5-4119-40D2-B59C-6198DC5EFBFB,https://bwf.tournamentsoftware.com/player-profile/FD2EF36B-FE73-4E40-89A7-DABEFE9F4E52
63,13,76,NZL/NZL,Joe WU,Danielle TAHURI,14739,53637,15900,8,https://bwf.tournamentsoftware.com/player-profile/45D10886-9CFC-477C-85A5-FEBDF274D310,https://bwf.tournamentsoftware.com/player-profile/13ABEAA0-C1C0-4D48-96D1-CF9B0BEA5DFC
64,-5,59,CHN/CHN,XU Chen,ZHAO Yunlei,51620,54522,15790,3,https://bwf.tournamentsoftware.com/player-profile/6D0E15C6-3488-48CD-B04A-5FFBCB2EF912,https://bwf.tournamentsoftware.com/player-profile/11E5143C-EEB1-456F-BECB-04E324DD3B04
65,-1,64,PER/PER,Mario CUBA,Katherine WINDER,54555,54561,15490,7,https://bwf.tournamentsoftware.com/player-profile/2D6FFDF3-8FEA-4A69-A180-C2618E96B3AE,https://bwf.tournamentsoftware.com/player-profile/7045A784-7A9B-4A98-8C91-8C7EC49E17CB
66,0,66,RUS/RUS,Andrej ASHMARIN,Anastasia PROKOPENKO,13835,52640,15100,7,https://bwf.tournamentsoftware.com/player-profile/8EA55B35-E699-4465-AF02-A2E63DA1D17D,https://bwf.tournamentsoftware.com/player-profile/7EDD0552-1E1A-4D5B-B0AC-88D61772B0E9
67,-4,63,JPN/JPN,Kenichi HAYAKAWA,Shizuka MATSUO,54527,55111,15090,5,https://bwf.tournamentsoftware.com/player-profile/F49301CC-8C4A-45CB-B29F-3D89912857F5,https://bwf.tournamentsoftware.com/player-profile/E1558AD0-9C69-4D90-B76F-5EFA4FA9BEF1
68,-1,67,GER/GER,Peter KAESBAUER,Johanna GOLISZEWSKI,54440,52280,14940,10,https://bwf.tournamentsoftware.com/player-profile/E353EB82-43B7-40B2-992E-9C5A8008ADF5,https://bwf.tournamentsoftware.com/player-profile/D5F668D7-5484-495E-B0EA-83E06C6F026F
69,-1,68,WAL/WAL,Richard VAUGHAN,Sarah THOMAS,7408,49913,14750,9,https://bwf.tournamentsoftware.com/player-profile/404CC96D-5344-4549-A379-B87B8B1CA538,https://bwf.tournamentsoftware.com/player-profile/A82190E2-CA52-48D7-BB89-139AD422B295
70,0,70,VIE/VIE,Bao Duc DUONG,Thi Hong Gam THAI,54667,14131,14560,6,https://bwf.tournamentsoftware.com/player-profile/A4084943-ED79-488E-860A-C46D79F7D919,https://bwf.tournamentsoftware.com/player-profile/73B433E5-1771-4ACB-9597-C4ED22EC5D9C
71,0,71,INA/INA,Tontowi AHMAD,Richi Puspita DILI,54267,66907,14450,5,https://bwf.tournamentsoftware.com/player-profile/50850611-F9A4-4B8D-BAAD-756309EC2BFD,https://bwf.tournamentsoftware.com/player-profile/34D85A0A-952D-41BB-9F0F-39735A98E9E1
72,0,72,GER/GER,Johannes SCHOETTLER,Sandra MARINELLO,51797,50855,14330,6,https://bwf.tournamentsoftware.com/player-profile/E4C81847-804E-4CAF-B4FD-2CB8393D261E,https://bwf.tournamentsoftware.com/player-profile/BC4FBC7D-BF8F-4AF4-B109-10AA7E2A8E9B
73,0,73,INA/INA,Indra Viki OKVANA,Gustiani MEGAWATI,15818,15814,14210,9,https://bwf.tournamentsoftware.com/player-profile/23AE7C7D-9499-45D5-BDB7-EF6EC1F8C2D6,https://bwf.tournamentsoftware.com/player-profile/F46B7E53-1FB0-43EA-BA3F-BCA08C194016
74,4,78,DEN/DEN,Mads CONRAD-PETERSEN,Anne SKELBAEK,42722,29844,13560,7,https://bwf.tournamentsoftware.com/player-profile/70AB1D18-9DE4-4D79-A099-B0DB9A127C09,https://bwf.tournamentsoftware.com/player-profile/5D668B1A-F6D7-438D-A2CF-A9B20B672698
75,4,79,IND/IND,KONA Tarun,Shruti KURIEN,78073,13711,13390,5,https://bwf.tournamentsoftware.com/player-profile/C1458A41-9A68-45CF-BBB5-8520A83D4E89,https://bwf.tournamentsoftware.com/player-profile/68A358D7-95C5-42D3-820E-EA48C22288A7
76,4,80,JPN/JPN,Kenta KAZUNO,Reika KAKIIWA,53161,70308,13140,6,https://bwf.tournamentsoftware.com/player-profile/CEE55E22-890F-4C83-A282-2668FCE8BF25,https://bwf.tournamentsoftware.com/player-profile/AA821C04-905D-4818-B0ED-BF528A5726A3
77,21,98,SGP/SGP,Hendri Kurniawan SAPUTRA,Yu Yan Vanessa NEO,50307,14297,13120,4,https://bwf.tournamentsoftware.com/player-profile/42DECBF3-06E2-4810-B902-4B40248EB7B5,https://bwf.tournamentsoftware.com/player-profile/D343E9B3-BC83-4183-A97C-768DE48253D4
78,24,102,TPE/TPE,LIAO Min Chun,CHEN Hsiao Huan,53230,51518,13110,6,https://bwf.tournamentsoftware.com/player-profile/A4B63FF9-F070-45AB-86F6-F69B892DA2F4,https://bwf.tournamentsoftware.com/player-profile/58BDD3B7-AE1C-4632-8EC3-9B08221625F4
79,2,81,UKR/UKR,Dmytro ZAVADSKY,Mariya DIPTAN,54439,54451,12960,10,https://bwf.tournamentsoftware.com/player-profile/3106A0A1-9AE6-45B7-A806-F93F8B218455,https://bwf.tournamentsoftware.com/player-profile/67816324-4B70-4D70-8333-1F3485C9411A
80,-15,65,SCO/SCO,Robert BLAIR,Imogen BANKIER,12052,51953,12890,3,https://bwf.tournamentsoftware.com/player-profile/DBFB76D6-35D7-43BD-B453-269A520FD38C,https://bwf.tournamentsoftware.com/player-profile/BC3088B7-E39F-4B1A-8FFE-60CEA982D5FB
81,1,82,BEL/BEL,Jonathan GILLIS,Severine CORVILAIN,54460,74789,12810,10,https://bwf.tournamentsoftware.com/player-profile/5118A858-F4A6-4FEC-B860-39D3F2CEAEB6,https://bwf.tournamentsoftware.com/player-profile/026FF9A9-5C59-4846-8E88-8C8FBDE55DD9
82,2,84,WAL/WAL,Joe MORGAN,Kerry Ann SHEPPARD,53183,13693,12380,13,https://bwf.tournamentsoftware.com/player-profile/291D8502-C012-4A33-8107-2542EAB7F8FA,https://bwf.tournamentsoftware.com/player-profile/815CEBE9-6DF2-43EF-9D39-709AB3CA8E69
83,2,85,FRA/FRA,Sylvain GROSJEAN,Weny RASIDI,67079,4430,12290,10,https://bwf.tournamentsoftware.com/player-profile/D1EFFA3B-570E-4EE0-892B-9E71EF90B239,https://bwf.tournamentsoftware.com/player-profile/95E65E96-3558-4FEE-A01D-3A5584F2A757
84,2,86,BLR/BLR,Aleksei KONAKH,Alesia ZAITSAVA,53378,52294,12170,10,https://bwf.tournamentsoftware.com/player-profile/6657A622-22B1-4808-97F0-CD1BDACBAA4E,https://bwf.tournamentsoftware.com/player-profile/F657036F-94DB-42B0-B333-B7F0CDCB94EC
85,2,87,CHN/CHN,JIAMING Tao,WANG Xiaoli,20865,14393,11920,2,https://bwf.tournamentsoftware.com/player-profile/DF3E88B7-C7F1-45C0-9C1A-2063D07C8466,https://bwf.tournamentsoftware.com/player-profile/2F7C0DD5-7428-4118-8D32-2B3359B135D3
86,-12,74,TPE/TPE,WANG Chia Min,WANG Pei Rong,51183,52997,11680,5,https://bwf.tournamentsoftware.com/player-profile/870B4668-D822-44F2-9C2F-507DF17DEFE0,https://bwf.tournamentsoftware.com/player-profile/A8AAF8AF-37BF-4878-94F6-77CC00C10C76
87,-12,75,KOR/KOR,HAN Sang Hoon,CHANG Ye Na,15414,54361,11610,3,https://bwf.tournamentsoftware.com/player-profile/EADEDE9C-139A-49D9-AFAC-4E9B8DAED277,https://bwf.tournamentsoftware.com/player-profile/D932CDC1-56DF-4C0F-986A-F48051735267
88,88,0,TPE/TPE,CHEN Hung Ling,CHENG Wen Hsing,53613,10947,11460,2,https://bwf.tournamentsoftware.com/player-profile/9621265B-FAA8-4DDA-9744-0FF29AB75436,https://bwf.tournamentsoftware.com/player-profile/0EC45A3B-10AA-4FBA-B9AB-4D374036EC92
89,-1,88,THA/THA,Maneepong JONGJIT,Rodjana CHUTHABUNDITKUL,67172,32189,11400,7,https://bwf.tournamentsoftware.com/player-profile/D3B03D47-8BCF-472E-ACAE-FC6C9C123506,https://bwf.tournamentsoftware.com/player-profile/929BC939-AEBD-41FE-A22C-EAB62BB8A1A8
90,-21,69,MAS/MAS,Kien Keat KOO,Hui Lin NG,14288,53149,11120,3,https://bwf.tournamentsoftware.com/player-profile/35B3A06C-F48F-4B28-8C72-E9A461F52EFF,https://bwf.tournamentsoftware.com/player-profile/AAC95C1F-B643-4A78-AE3B-C8263E1F3B97
91,-2,89,PER/PER,Bruno MONTEVERDE,Claudia ZORNOZA,54557,52353,10970,5,https://bwf.tournamentsoftware.com/player-profile/38DF1793-AE16-4E36-A744-BED38F7C41F9,https://bwf.tournamentsoftware.com/player-profile/D96C4CCE-867B-4E41-8A44-81A139E27170
92,-2,90,DEN/DEN,Rasmus BONDE,Marie ROEPKE,53757,54447,10910,5,https://bwf.tournamentsoftware.com/player-profile/DAD15E03-C6D9-41A0-A944-221EEA001724,https://bwf.tournamentsoftware.com/player-profile/6B50A775-A757-49AF-AAAF-44B93A0FB815
93,-2,91,NZL/NZL,James EUNSON,Stephanie CHENG,54337,57042,10650,7,https://bwf.tournamentsoftware.com/player-profile/F9F6AFA6-1955-455A-8857-6A293D75B8FE,https://bwf.tournamentsoftware.com/player-profile/DB1B16B1-287A-45F8-83D0-990B8EA3C4F4
94,-2,92,HKG/HKG,WIRATAMA Yohan Hadikusumo,TSE Ying Suet,7944,61435,10650,4,https://bwf.tournamentsoftware.com/player-profile/2511182B-CDA9-48E8-B42C-B6473D72D27B,https://bwf.tournamentsoftware.com/player-profile/7750BCA8-F58E-413E-B1E4-4C20589C371B
95,-2,93,SUI/SUI,Anthony DUMARTHERAY,Sabrina JAQUET,54041,54068,10630,9,https://bwf.tournamentsoftware.com/player-profile/A3859CF2-7AC5-480C-ABA3-E8582AC2C9CB,https://bwf.tournamentsoftware.com/player-profile/F2108DAF-E325-457C-99D6-77806B05CBF3
96,-2,94,NED/NED,Jorrit DE RUITER,Lotte JONATHANS,52281,9288,10620,7,https://bwf.tournamentsoftware.com/player-profile/65322E38-1343-4A22-AAF1-3DA60CD453FA,https://bwf.tournamentsoftware.com/player-profile/F2F11333-77EE-4617-B690-07F101C230F1
97,-2,95,MAS/MAS,TAN Wee Kiong,WOON Khe Wei,52071,53154,10440,4,https://bwf.tournamentsoftware.com/player-profile/D5108C6D-9FC3-42ED-A458-C503790E140B,https://bwf.tournamentsoftware.com/player-profile/F96A451E-D8FC-4618-AB5D-5565E06BEA0A
98,-15,83,MAS/MAS,Mohd Razif ABDUL LATIF,WOON Khe Wei,52705,53154,10320,4,https://bwf.tournamentsoftware.com/player-profile/CC12A000-B64D-42CA-8EC3-B3D78BE3A3DC,https://bwf.tournamentsoftware.com/player-profile/F96A451E-D8FC-4618-AB5D-5565E06BEA0A
99,-3,96,INA/RUS,Flandy LIMPELE,Anastasia RUSSKIKH,5612,8388,10070,3,https://bwf.tournamentsoftware.com/player-profile/07808B14-1E31-4482-880A-D600ED3E24BE,https://bwf.tournamentsoftware.com/player-profile/39104A77-1861-4AC2-B02B-5180EF85EA89
100,-3,97,KOR/KOR,SHIN Baekcheol,KIM Min Jung,54785,53333,10000,3,https://bwf.tournamentsoftware.com/player-profile/0E1DAEAC-2332-4C95-815D-2263209B124F,https://bwf.tournamentsoftware.com/player-profile/E58CDFBC-7E6B-4021-8F7B-32E22E7A533B
101,-2,99,CHN/CHN,QIU Zihan,TIAN Qing,47277,52066,9940,2,https://bwf.tournamentsoftware.com/player-profile/755490C3-9137-40DB-8B49-8D56822C99B1,https://bwf.tournamentsoftware.com/player-profile/71032496-1ADE-43A1-805B-35D48C8091C7
101,-2,99,INA/INA,Devin Lahardi FITRIAWAN,Liliyana NATSIR,51095,14727,9940,2,https://bwf.tournamentsoftware.com/player-profile/22F7AD64-BBF5-4DD2-8E5A-134D0A690ADF,https://bwf.tournamentsoftware.com/player-profile/A7355D9C-1D9A-4300-A939-BE6D9DD4F00A
103,-2,101,AUS/AUS,Glenn WARFE,Kate WILSON-SMITH,13922,9188,9644,6,https://bwf.tournamentsoftware.com/player-profile/058F0E1B-4983-4B96-9916-51A5E3D590B8,https://bwf.tournamentsoftware.com/player-profile/6D1340C5-4DB7-4061-BA28-14BC20293E15
104,-1,103,THA/THA,Thitipong LAPOE,Peeraya MUNKITAMORN,50223,53591,9470,4,https://bwf.tournamentsoftware.com/player-profile/EF016E7C-19B3-4155-9FB6-44A564E2F922,https://bwf.tournamentsoftware.com/player-profile/AA6261F7-719F-43E2-920F-4E3012AF790E
105,-1,104,SGP/SGP,Danny Bawa CHRISNANTA,Yu Yan Vanessa NEO,66920,14297,9430,5,https://bwf.tournamentsoftware.com/player-profile/47BD3BA8-DB39-420B-BD95-84AE90A575C8,https://bwf.tournamentsoftware.com/player-profile/D343E9B3-BC83-4183-A97C-768DE48253D4
106,-1,105,HKG/HKG,WONG Wai Hong,CHAU Hoi Wah,51307,55285,9370,5,https://bwf.tournamentsoftware.com/player-profile/44568EF1-7779-4B6B-B199-764BEEF0DDEF,https://bwf.tournamentsoftware.com/player-profile/EEE177C5-DFBE-4DDC-8069-86831DD8E289
107,-1,106,MAS/MAS,Mohd Lutfi Zaim ABDUL KHALID,LIM Yin Loo,53649,67046,9290,5,https://bwf.tournamentsoftware.com/player-profile/52B4FFAB-AB2E-4AAD-95EE-1483DD1FBE44,https://bwf.tournamentsoftware.com/player-profile/9CA8F6BB-9713-4781-935D-EFD8FB31DB43
108,-1,107,RSA/RSA,Dorian Lance JAMES,Michelle Claire EDWARDS,13318,7875,9250,4,https://bwf.tournamentsoftware.com/player-profile/BDC2A771-3EEF-4920-8CC3-793D42DE5487,https://bwf.tournamentsoftware.com/player-profile/5EDD7DE8-5704-45ED-B6C0-0AC0AACDF2F8
109,-1,108,AUS/AUS,Benjamin WALKLATE,Kate WILSON-SMITH,15746,9188,9170,4,https://bwf.tournamentsoftware.com/player-profile/0661D82E-FAEC-4CF3-A610-12723BBF10CD,https://bwf.tournamentsoftware.com/player-profile/6D1340C5-4DB7-4061-BA28-14BC20293E15
110,-1,109,MAS/RUS,Teik Chai GAN,Anastasia RUSSKIKH,12356,8388,9140,6,https://bwf.tournamentsoftware.com/player-profile/EA653697-180A-43DA-8015-DC71AE0B9B5C,https://bwf.tournamentsoftware.com/player-profile/39104A77-1861-4AC2-B02B-5180EF85EA89
111,-1,110,SVK/SVK,Michal MATEJKA,Monika FASUNGOVA,12795,55331,8810,5,https://bwf.tournamentsoftware.com/player-profile/4AF65B61-0138-4130-91A2-59746BCB3316,https://bwf.tournamentsoftware.com/player-profile/CC98F48A-AB4E-473F-8654-0460763B002F
112,-1,111,CAN/CAN,Alex PANG,Joycelyn KO,53715,53877,8662,6,https://bwf.tournamentsoftware.com/player-profile/BB012505-5494-47CF-ADD4-8FD8A9675732,https://bwf.tournamentsoftware.com/player-profile/5DF9B49F-5CA8-40CD-9F8B-06E4B69DEC0C
113,-1,112,DEN/DEN,Christian JOHN SKOVGAARD,Maria HELSBOL,90564,89477,8630,5,https://bwf.tournamentsoftware.com/player-profile/A99BB45E-4920-4E60-A0CF-B19984CD57BA,https://bwf.tournamentsoftware.com/player-profile/2BCE398F-7A05-4F59-9592-952DBC1CCEDC
114,32,146,KOR/KOR,KIM Gi Jung,JUNG Kyung Eun,39276,16745,8620,6,https://bwf.tournamentsoftware.com/player-profile/549B9AF3-7F23-4857-B9E4-932E4154A536,https://bwf.tournamentsoftware.com/player-profile/0CDB0F6A-A460-4150-A963-8D8EABA4CF26
115,-2,113,CHN/CHN,ZHANG Nan,PAN Pan,35357,53058,8500,2,https://bwf.tournamentsoftware.com/player-profile/61649DF4-7F24-42D0-854D-1332B21E4A9D,https://bwf.tournamentsoftware.com/player-profile/25D8AE46-93EE-4860-B104-BE4E946415D0
116,-2,114,JPN/JPN,Takeshi KAMURA,Koharu YONEMOTO,70969,26238,8490,4,https://bwf.tournamentsoftware.com/player-profile/1A0C8AAC-EB40-4FFA-A7F1-A80D302AF278,https://bwf.tournamentsoftware.com/player-profile/12863F2F-7F57-4478-AB68-516C67879161
117,-2,115,HKG/HKG,HUI Wai Ho,TSE Ying Suet,14900,61435,8280,4,https://bwf.tournamentsoftware.com/player-profile/3DCBBAB1-3918-4870-AC67-1394910DD45F,https://bwf.tournamentsoftware.com/player-profile/7750BCA8-F58E-413E-B1E4-4C20589C371B
118,-2,116,GER/GER,Josche ZURWONNE,Carla NYENHUIS,55514,61184,8020,8,https://bwf.tournamentsoftware.com/player-profile/5701F77F-B6FE-4A7E-841B-D6B3B7D67CB4,https://bwf.tournamentsoftware.com/player-profile/389E7D1E-699B-4251-B74F-E7BE5E670F68
119,-2,117,CHN/CHN,JIAMING Tao,TIAN Qing,20865,52066,7760,2,https://bwf.tournamentsoftware.com/player-profile/DF3E88B7-C7F1-45C0-9C1A-2063D07C8466,https://bwf.tournamentsoftware.com/player-profile/71032496-1ADE-43A1-805B-35D48C8091C7
120,-2,118,NZL/AUS,Kevin DENNERLY-MINTURN,Louise MCKENZIE,54739,53817,7720,6,https://bwf.tournamentsoftware.com/player-profile/AE733592-9CA2-4584-BFB8-1D8D7D52528A,https://bwf.tournamentsoftware.com/player-profile/EBF0B0CB-C372-4BCF-BC94-FB1D9F414CBE
121,-2,119,NZL/NZL,Oliver LEYDON-DAVIS,Danielle TAHURI,27624,53637,7530,7,https://bwf.tournamentsoftware.com/player-profile/61096160-2785-49CF-8FF2-3993B8B1283A,https://bwf.tournamentsoftware.com/player-profile/13ABEAA0-C1C0-4D48-96D1-CF9B0BEA5DFC
122,-2,120,ENG/SCO,Andrew ELLIS,Emma MASON,54413,51957,7500,5,https://bwf.tournamentsoftware.com/player-profile/BF704467-FCFD-4FD9-A261-AE84EEB4F56C,https://bwf.tournamentsoftware.com/player-profile/6B671709-3656-4D64-9E72-EEF58E04B1EB
123,123,0,INA/INA,Tontowi AHMAD,Greysia POLII,54267,14729,7450,2,https://bwf.tournamentsoftware.com/player-profile/50850611-F9A4-4B8D-BAAD-756309EC2BFD,https://bwf.tournamentsoftware.com/player-profile/599974C3-A697-4ED9-BEBB-81B5FB695C96
124,-3,121,NED/NED,Jacco ARENDS,Selena PIEK,67175,67176,7340,5,https://bwf.tournamentsoftware.com/player-profile/7A0B8B37-2967-418C-B4A0-9CE8BE85B856,https://bwf.tournamentsoftware.com/player-profile/CF686284-0DA5-49BA-B50B-AB77715108E2
125,-3,122,IND/IND,Akshay DEWALKAR,Pradnya GADRE,55356,33280,7340,3,https://bwf.tournamentsoftware.com/player-profile/645AB162-B14C-4914-968F-B932A12F7F09,https://bwf.tournamentsoftware.com/player-profile/980D2D75-505C-42D5-824A-B5B024B065BD
126,-3,123,POL/POL,Lukasz MOREN,Natalia POCZTOWIAK,15362,53991,7300,6,https://bwf.tournamentsoftware.com/player-profile/011AA368-9E25-4BC8-9887-28A0D3AA6C80,https://bwf.tournamentsoftware.com/player-profile/C079BAF3-8048-47A6-90CD-2A19DC9CC3C9
127,-3,124,CAN/CAN,Kevin LI,Alex BRUCE,77530,30962,7220,3,https://bwf.tournamentsoftware.com/player-profile/327CCA0E-E1FD-4139-B9CE-4B0182B5C388,https://bwf.tournamentsoftware.com/player-profile/ADA950F2-D4CC-4F9C-9573-B9D3925A30A6
128,-3,125,KOR/KOR,SHIN Baekcheol,CHANG Ye Na,54785,54361,7200,2,https://bwf.tournamentsoftware.com/player-profile/0E1DAEAC-2332-4C95-815D-2263209B124F,https://bwf.tournamentsoftware.com/player-profile/D932CDC1-56DF-4C0F-986A-F48051735267
129,-3,126,JPN/JPN,Keisuke KAWAGUCHI,Rie ETOH,53398,30221,7190,3,https://bwf.tournamentsoftware.com/player-profile/E820150C-5763-44C8-A2D0-C6C726260181,https://bwf.tournamentsoftware.com/player-profile/BA58610E-583C-4FDD-A361-12CD540CC621
130,-3,127,DEN/DEN,Mads Pieler KOLDING,Line DAMKJAER KRUSE,52958,46833,7170,3,https://bwf.tournamentsoftware.com/player-profile/7D4317F4-B677-4E84-89EC-F221708A237A,https://bwf.tournamentsoftware.com/player-profile/6E35D689-51FB-421F-BAFE-B5296420B1DE
131,-3,128,THA/THA,Nipitphon PHUANGPHUAPET,Serithammarak ARTIMA,30342,67167,7040,3,https://bwf.tournamentsoftware.com/player-profile/9B99E110-3D94-435D-B2DF-D3523CB2A354,https://bwf.tournamentsoftware.com/player-profile/3D28D97C-28DF-4519-96EC-D933A90763F2
132,-3,129,FRA/FRA,Sebastien VINCENT,Elisa CHANTEUR,50601,50097,7030,7,https://bwf.tournamentsoftware.com/player-profile/282C897C-81DF-48DD-9CE2-DE5542E90CA5,https://bwf.tournamentsoftware.com/player-profile/9F65C8B5-7A64-4432-8FED-04ACD22965B4
133,-2,131,GER/RUS,Kristof HOPP,Anastasia RUSSKIKH,9256,8388,6960,2,https://bwf.tournamentsoftware.com/player-profile/85E57181-D4B3-4B51-8722-D568D62B088B,https://bwf.tournamentsoftware.com/player-profile/39104A77-1861-4AC2-B02B-5180EF85EA89
134,-2,132,USA/USA,Nicholas JINADASA,Rulan YEH,51475,52788,6940,4,https://bwf.tournamentsoftware.com/player-profile/D0A015F0-59F1-422E-ACE9-3573853D5306,https://bwf.tournamentsoftware.com/player-profile/A132A54C-1F0B-4DF3-B3AC-233803015217
135,-2,133,NZL/NZL,Brock MATHESON,Amanda BROWN,19895,35999,6930,5,https://bwf.tournamentsoftware.com/player-profile/1FEB16E9-3481-424D-961C-9A2D0D4DA131,https://bwf.tournamentsoftware.com/player-profile/547DF74D-B19C-42D4-AD82-211211CB93A9
136,-2,134,HKG/HKG,LEUNG Chun Yiu,NG Ka Shun,52925,50122,6910,5,https://bwf.tournamentsoftware.com/player-profile/FBAE148A-F715-4BF7-B66A-99E32651E55A,https://bwf.tournamentsoftware.com/player-profile/C5BBAFAF-BBE6-40F4-B6B9-0701330FA3E9
137,-2,135,ISR/ISR,Misha ZILBERMAN,Svetlana ZILBERMAN,52953,34,6890,3,https://bwf.tournamentsoftware.com/player-profile/E538ADF6-1701-42A7-8BB2-A3AEBD094781,https://bwf.tournamentsoftware.com/player-profile/38353A10-55FA-4747-9CB2-38E5987616F8
138,-2,136,GRE/DEN,Georgios CHARALAMBIDIS,Anne HALD,13568,1279,6800,7,https://bwf.tournamentsoftware.com/player-profile/C3FD74B5-76B7-4626-B38C-E6F82E5831D9,https://bwf.tournamentsoftware.com/player-profile/BCF030AC-1469-420A-B12D-C861C2843E06
139,-2,137,HKG/MAS,Hee Chun MAK,Hui Lin NG,54159,53149,6790,3,https://bwf.tournamentsoftware.com/player-profile/5C4F8BBC-07E5-4A8B-9B62-6AF62554722B,https://bwf.tournamentsoftware.com/player-profile/AAC95C1F-B643-4A78-AE3B-C8263E1F3B97
140,-2,138,GER/SWE,Tim DETTMANN,Emelie FABBEKE,14915,51661,6770,3,https://bwf.tournamentsoftware.com/player-profile/633716BA-4876-4887-9A23-34F397550C5A,https://bwf.tournamentsoftware.com/player-profile/4B0B65F1-C915-48B7-BC29-CE3910C7BD67
141,-2,139,AUS/AUS,Chad WHITEHEAD,Eugenia TANAKA,51563,55058,6755,4,https://bwf.tournamentsoftware.com/player-profile/EFCAD911-CF2D-4523-8E95-66E1119C3F38,https://bwf.tournamentsoftware.com/player-profile/317BD3AD-3E8A-4106-BD7B-547618F7CC0B
142,-2,140,JPN/JPN,Naoki KAWAMAE,Shizuka MATSUO,51213,55111,6700,3,https://bwf.tournamentsoftware.com/player-profile/A01C0F77-EDC5-4E39-A6F1-1813242D0632,https://bwf.tournamentsoftware.com/player-profile/E1558AD0-9C69-4D90-B76F-5EFA4FA9BEF1
143,-2,141,CHN/CHN,CHAI Biao,PAN Pan,96784,53058,6660,3,https://bwf.tournamentsoftware.com/player-profile/500CDBCA-03DC-4A89-BB3A-AAD1D62C966B,https://bwf.tournamentsoftware.com/player-profile/25D8AE46-93EE-4860-B104-BE4E946415D0
144,-2,142,USA/USA,Halim Haryanto HO,Yun PENG,4392,4955,6640,3,https://bwf.tournamentsoftware.com/player-profile/5C8A2FA6-CE03-45F4-B996-5F279B59F8C2,https://bwf.tournamentsoftware.com/player-profile/29558CF6-3AE0-4E94-B21E-BEF8AB983EC0
145,-2,143,MAS/MAS,LIM Khim Wah,Amelia Alicia ANSCELLY,54171,52081,6570,2,https://bwf.tournamentsoftware.com/player-profile/1844C871-C5F6-4B8E-985A-3543CD489F49,https://bwf.tournamentsoftware.com/player-profile/BE33C221-A5E8-4943-B7F7-A3BC2D83919B
146,-2,144,CAN/CAN,William MILROY,Fiona MCKEE,10879,53928,6500,2,https://bwf.tournamentsoftware.com/player-profile/0C96AC74-FE09-4E04-9B5F-56FFD8DD25F0,https://bwf.tournamentsoftware.com/player-profile/C2C81693-A686-4D66-8745-63BC2485B89C
147,-2,145,INA/INA,Riky WIDIANTO,Devi Tika PERMATASARI,54175,88466,6470,3,https://bwf.tournamentsoftware.com/player-profile/42E0B5B3-0EE2-4C6A-9ADA-3FB5B6A94309,https://bwf.tournamentsoftware.com/player-profile/00422DDD-F5C6-4CB6-9560-CBAB6D0343F3
148,-1,147,AUS/AUS,Glenn WARFE,Erin CARROLL,13922,51576,6390,4,https://bwf.tournamentsoftware.com/player-profile/058F0E1B-4983-4B96-9916-51A5E3D590B8,https://bwf.tournamentsoftware.com/player-profile/D7A964B7-CE82-446A-8CFA-DAE8EC734A8C
149,-1,148,MAS/MAS,KHRISHNAN Yogendran,Anita Raj KAUR,12377,53483,6250,2,https://bwf.tournamentsoftware.com/player-profile/77CC5BC1-B64F-497A-B06D-4513CA51B610,https://bwf.tournamentsoftware.com/player-profile/899048A8-0C88-439E-8946-C8690E7D2FAB
150,-1,149,RUS/RUS,Denis GRACHEV,Anastasiia AKCHURINA,53663,33989,6190,4,https://bwf.tournamentsoftware.com/player-profile/301A6A80-42D2-4D13-AA98-176332DA895C,https://bwf.tournamentsoftware.com/player-profile/B70F81D9-7018-471D-A2C7-35CB69D185E8
151,-1,150,SWE/RUS,Tim FOO,Anastasia KUDINOVA,53847,51656,6160,4,https://bwf.tournamentsoftware.com/player-profile/1958F418-BE58-40E1-B087-BFFDE58A8FC8,https://bwf.tournamentsoftware.com/player-profile/69E254B2-F96D-41DF-9DC9-4DF301F05BBB
152,-1,151,UKR/UKR,Georgiy NATAROV,Anna KOBCEVA,39410,54478,6020,3,https://bwf.tournamentsoftware.com/player-profile/9C69F289-0147-4893-9D38-578EDDFCE409,https://bwf.tournamentsoftware.com/player-profile/BBEC0EC7-4F97-4CE0-9396-20F81EE07E7C
153,-1,152,NZL/NZL,Luke CHARLESWORTH,Mary O`CONNOR,454,98520,5990,5,https://bwf.tournamentsoftware.com/player-profile/457A52AF-9BEB-4E8E-B98B-09BD8A8CA01F,https://bwf.tournamentsoftware.com/player-profile/43602B15-B000-4E01-8C85-D45BC18053C8
154,-1,153,IND/IND,Jishnu SANYAL,Nitya SOSALE,53943,39494,5840,3,https://bwf.tournamentsoftware.com/player-profile/07853744-E22C-47CA-B792-E2E24481E24A,https://bwf.tournamentsoftware.com/player-profile/A6530E16-16AC-4A3D-AF14-0738A12667F3
155,-1,154,TPE/TPE,LIN Yu Lang,YANG Chia Chen,53614,15418,5820,2,https://bwf.tournamentsoftware.com/player-profile/344F8EB9-BF9A-4679-A23F-EC63B0B125F6,https://bwf.tournamentsoftware.com/player-profile/9E6C5B7B-3C79-4CAC-8CBF-6F5600691873
155,-1,154,KOR/KOR,YOO Yeon Seong,PARK Sun Young,52273,59590,5820,2,https://bwf.tournamentsoftware.com/player-profile/ADFC60B0-2055-48B3-9309-44D3C819B3FF,https://bwf.tournamentsoftware.com/player-profile/3DCA432B-E603-4673-9284-2B2E4D97DF90
157,-1,156,NZL/NZL,Michael FOWKE,Susannah LEYDON-DAVIS,89001,31647,5800,5,https://bwf.tournamentsoftware.com/player-profile/5FFE15EC-8520-45B2-B85C-A65B53DFB80B,https://bwf.tournamentsoftware.com/player-profile/DB9054B7-D4DB-419D-8E1A-ED7E4BDB5E1C
158,-1,157,RUS/RUS,Evgenij DREMIN,Evgenia DIMOVA,11606,53676,5700,2,https://bwf.tournamentsoftware.com/player-profile/01D5BF6E-7765-434E-A67D-2895F7BC80BE,https://bwf.tournamentsoftware.com/player-profile/7254730E-DA78-414C-8F5D-CD446E73D52F
159,-1,158,ISL/ISL,Helgi JOHANNESSON,Ragna INGOLFSDOTTIR,12125,12129,5670,7,https://bwf.tournamentsoftware.com/player-profile/936459B6-7D2F-4626-9EE1-7B5A91D82DF3,https://bwf.tournamentsoftware.com/player-profile/7B6DBC80-4231-4A68-A2D1-C653D41B057C
160,-1,159,AUS/AUS,Chad WHITEHEAD,Leanne CHOO,51563,33833,5590,3,https://bwf.tournamentsoftware.com/player-profile/EFCAD911-CF2D-4523-8E95-66E1119C3F38,https://bwf.tournamentsoftware.com/player-profile/0F712DBF-A99A-4C6E-9DF7-C15BFE3F1597
161,-1,160,CAN/CAN,Alex PANG,Michelle LI,53715,84523,5560,4,https://bwf.tournamentsoftware.com/player-profile/BB012505-5494-47CF-ADD4-8FD8A9675732,https://bwf.tournamentsoftware.com/player-profile/133E8A7F-4D1A-4333-AB97-9BACE04294FA
162,-1,161,TPE/TPE,CHEN Hung Ling,HSIEH Pei Chen,53613,52998,5440,2,https://bwf.tournamentsoftware.com/player-profile/9621265B-FAA8-4DDA-9744-0FF29AB75436,https://bwf.tournamentsoftware.com/player-profile/BD0C7DB2-1FA8-4F50-9E5B-FDFE23B843BA
163,-1,162,SVK/CZE,Jarolim VICEN,Sarka KRIZKOVA,55330,17856,5380,6,https://bwf.tournamentsoftware.com/player-profile/CFE949B7-02A7-4CDB-85AF-B28842BD3E70,https://bwf.tournamentsoftware.com/player-profile/BB6BCB98-8F9D-4688-900F-2C606973203B
164,20,184,JPN/JPN,Kenichi HAYAKAWA,Ayaka TAKAHASHI,54527,16981,5320,3,https://bwf.tournamentsoftware.com/player-profile/F49301CC-8C4A-45CB-B29F-3D89912857F5,https://bwf.tournamentsoftware.com/player-profile/D7A1B626-34B4-420D-AB70-B70344C427E1
165,-2,163,CAN/CAN,Derrick NG,Phyllis CHAN,99279,74856,5320,2,https://bwf.tournamentsoftware.com/player-profile/6812AF5E-555E-4D19-9DE5-1A7044DD354B,https://bwf.tournamentsoftware.com/player-profile/EEE21EE2-BD91-46EC-98B9-E63174A947BF
166,-1,165,MAS/MAS,LIM Khim Wah,Hui Lin NG,54171,53149,5170,2,https://bwf.tournamentsoftware.com/player-profile/1844C871-C5F6-4B8E-985A-3543CD489F49,https://bwf.tournamentsoftware.com/player-profile/AAC95C1F-B643-4A78-AE3B-C8263E1F3B97
166,-1,165,DEN/DEN,Mads Pieler KOLDING,Britta ANDERSEN,52958,10277,5170,2,https://bwf.tournamentsoftware.com/player-profile/7D4317F4-B677-4E84-89EC-F221708A237A,https://bwf.tournamentsoftware.com/player-profile/6589E8F8-8BC9-474B-A906-519D88B20688
168,-1,167,WAL/WAL,James PHILLIPS,Caroline HARVEY,15193,57038,5150,6,https://bwf.tournamentsoftware.com/player-profile/A9ED0137-4E04-4907-BF09-3B9F40937D72,https://bwf.tournamentsoftware.com/player-profile/B8940461-419F-4090-A54A-508057260BD0
169,-1,168,INA/USA,Muhammad ULINNUHA,Jenna GOZALI,67767,32062,5150,2,https://bwf.tournamentsoftware.com/player-profile/1C87568F-F564-42EB-994F-87391486D003,https://bwf.tournamentsoftware.com/player-profile/0D75081B-77CB-4DE9-BAA3-C02F43F642F2
170,-1,169,RUS/RUS,Victor MALJUTIN,Anastasia KHARLAMPOVICH,6229,25776,5130,5,https://bwf.tournamentsoftware.com/player-profile/F76ED147-8A68-4D98-8EE3-5073BED8DA96,https://bwf.tournamentsoftware.com/player-profile/C8CE0095-78EB-4080-ABB4-1A7CC9A22C4E
171,-1,170,SUI/SUI,Thomas HEINIGER,Sanya HERZIG,64681,55524,5120,6,https://bwf.tournamentsoftware.com/player-profile/7657CB0F-3F38-44E0-BA69-D29AB4A25DBD,https://bwf.tournamentsoftware.com/player-profile/786E39B9-821C-48F8-A4D7-12B834865E6F
172,-1,171,KOR/KOR,CHUNG Jae Sung,LEE Kyung Won,53426,8245,5120,2,https://bwf.tournamentsoftware.com/player-profile/81C0A98A-EB0C-473C-AD58-0889C6CF2BAA,https://bwf.tournamentsoftware.com/player-profile/BDE3FBEA-357B-4421-BE89-E14D593551FC
172,172,0,ENG/JEY,Marcus ELLIS,Mariana AGATHANGELOU,71349,53854,5120,2,https://bwf.tournamentsoftware.com/player-profile/756004F0-C229-44DC-919A-40B08672EFD0,https://bwf.tournamentsoftware.com/player-profile/289E95B4-EA83-46BA-9E58-67B310CD7411
174,-2,172,PUR/PUR,Mercado JOSE,Santana DANEYSHA,85285,81644,4990,4,https://bwf.tournamentsoftware.com/player-profile/B9791FCB-50DC-4F38-B64D-C24B39245FBD,https://bwf.tournamentsoftware.com/player-profile/AC801EE3-5233-47DC-BD5A-1E0F9D162290
175,-2,173,TPE/TPE,LIAO Min Chun,CHENG Wen Hsing,53230,10947,4970,2,https://bwf.tournamentsoftware.com/player-profile/A4B63FF9-F070-45AB-86F6-F69B892DA2F4,https://bwf.tournamentsoftware.com/player-profile/0EC45A3B-10AA-4FBA-B9AB-4D374036EC92
176,-2,174,PER/PER,Andres CORPANCHO,Alejandra MONTEVERDE,13762,14334,4950,2,https://bwf.tournamentsoftware.com/player-profile/E5860A82-E75B-4470-9137-064858472941,https://bwf.tournamentsoftware.com/player-profile/D483952D-B25B-4460-8C37-46EDDD03DEFE
177,-2,175,JPN/JPN,Hajime KOMIYAMA,Mami NAITO,54498,54524,4940,2,https://bwf.tournamentsoftware.com/player-profile/B985714A-D875-44B4-BB28-B7D9B90C7C46,https://bwf.tournamentsoftware.com/player-profile/BEA95DD2-881A-4665-8119-DA780CE58C2B
178,-2,176,SGP/SGP,Hendra WIJAYA,Shinta Mulia SARI,13803,52702,4900,3,https://bwf.tournamentsoftware.com/player-profile/FF1B6EEE-AA23-4D67-A554-DF4EB063E870,https://bwf.tournamentsoftware.com/player-profile/059D3041-F8D6-49D3-A0B8-865C89760D67
179,-2,177,GER/GER,Till ZANDER,Gitte KOEHLER,98116,51808,4890,3,https://bwf.tournamentsoftware.com/player-profile/6FDE845F-E8ED-4010-BCC0-3DFE95B08F91,https://bwf.tournamentsoftware.com/player-profile/FECC910E-8806-411C-9A8B-80D3C8DC6FC4
180,-1,179,UKR/UKR,Mykola DMITRISHIN,Yelyzaveta ZHARKA,89235,31614,4710,5,https://bwf.tournamentsoftware.com/player-profile/49390DF8-7198-4E92-86F6-529FE46F5352,https://bwf.tournamentsoftware.com/player-profile/8B5561C5-A78F-404D-9C4F-5DE476BBF02E
181,-1,180,MRI/MRI,Yoni Dany LOUISON,Yeldy Marie LOUISON,51546,42677,4580,4,https://bwf.tournamentsoftware.com/player-profile/4A44A7DB-5AF0-42EC-B714-A2DB270F89D1,https://bwf.tournamentsoftware.com/player-profile/81C072A7-9250-43FA-BEC8-EE9E657C4ABA
182,-1,181,EGY/EGY,Abdelrahman KASHKAL,Hadia HOSNY,24294,52901,4490,3,https://bwf.tournamentsoftware.com/player-profile/3D0362C4-EB6D-4A0F-A74C-29F96E39AA3B,https://bwf.tournamentsoftware.com/player-profile/D64EDC94-6596-4D81-975D-874105236552
182,-1,181,ESP/ESP,Alejandro BARRIGA,Sandra CHIRLAQUE,54444,53968,4490,3,https://bwf.tournamentsoftware.com/player-profile/0283F460-B4AC-4AEF-94A7-9B2BAECA1C57,https://bwf.tournamentsoftware.com/player-profile/F85493FD-8DB9-4CEB-B80A-CCB5BE270EC9
184,-1,183,GER/GER,Michael FUCHS,Birgit OVERZIER,51263,50851,4480,2,https://bwf.tournamentsoftware.com/player-profile/EABB9948-EB15-4FE7-91A5-90119002E82F,https://bwf.tournamentsoftware.com/player-profile/79229D5E-2208-48D8-99D8-34F1982C5D0D
185,-1,184,JPN/JPN,Kenichi HAYAKAWA,Misaki MATSUTOMO,54527,43851,4440,2,https://bwf.tournamentsoftware.com/player-profile/F49301CC-8C4A-45CB-B29F-3D89912857F5,https://bwf.tournamentsoftware.com/player-profile/3319278B-2545-4645-902F-16E00D23B3B2
186,1,187,KOR/KOR,KIM Dae Eun,JUNG Kyung Eun,80775,16745,4420,2,https://bwf.tournamentsoftware.com/player-profile/614645EC-B8F9-400F-A0B1-2E51E61F7D0B,https://bwf.tournamentsoftware.com/player-profile/0CDB0F6A-A460-4150-A963-8D8EABA4CF26
186,1,187,IND/IND,Pranaav Jerry CHOPRA,Prajakta SAWANT,57839,28248,4420,2,https://bwf.tournamentsoftware.com/player-profile/BF432B78-566B-4D3F-9807-9A6C08A237EE,https://bwf.tournamentsoftware.com/player-profile/12C680D0-75F4-4A55-9AE4-E36A34B7ED8C
188,1,189,INA/INA,Irfan FADHILAH,Weni ANGGRAINI,33261,88699,4320,2,https://bwf.tournamentsoftware.com/player-profile/79829615-EBBA-4838-B2D6-832E7EB844CB,https://bwf.tournamentsoftware.com/player-profile/246888BF-3B57-4033-857A-E9C620E00D0A
189,1,190,PER/PER,Rodrigo PACHECO CARRILLO,Claudia RIVERO MODENSI,9715,13182,4270,2,https://bwf.tournamentsoftware.com/player-profile/67E4464A-A46B-4E16-BF54-AF5D35CE0226,https://bwf.tournamentsoftware.com/player-profile/99641EF0-FE7C-408D-8DEB-30A55D8BE05C
190,1,191,PHI/PHI,Ronel ESTANISLAO,Malvinne Ann Venice ALCALA,73066,33497,4240,2,https://bwf.tournamentsoftware.com/player-profile/A71B055D-DD68-4329-B6B8-A357F18EECA0,https://bwf.tournamentsoftware.com/player-profile/20600976-6BC4-4604-B282-CA801845DB03
191,1,192,CAN/CAN,Adrian LIU,Joycelyn KO,87626,53877,4150,3,https://bwf.tournamentsoftware.com/player-profile/65A0CDB6-5ADB-4E5C-BBB0-8F279B61A27F,https://bwf.tournamentsoftware.com/player-profile/5DF9B49F-5CA8-40CD-9F8B-06E4B69DEC0C
192,1,193,TPE/TPE,LIN Yen Jui,HUNG Shih Han,52994,53628,4110,3,https://bwf.tournamentsoftware.com/player-profile/D58B2E17-EDEF-44D1-84A0-E3E1F42D81C0,https://bwf.tournamentsoftware.com/player-profile/53608EA6-396D-443C-973C-9661F2561F08
193,1,194,MEX/MEX,Jose L GONZALEZ,Naty RANGEL,51911,52368,4045,3,https://bwf.tournamentsoftware.com/player-profile/2978BAA7-6873-4D86-BC00-C32E410189D0,https://bwf.tournamentsoftware.com/player-profile/CDAC4B89-AAE9-47DE-BD29-839359546810
194,1,195,POL/GER,Michal LOGOSZ,Olga ROJ,4170,15323,4030,2,https://bwf.tournamentsoftware.com/player-profile/4BCCA7EF-5DB5-4AF7-BC05-689A29EDA7BF,https://bwf.tournamentsoftware.com/player-profile/5292AF26-8578-4016-98BC-F94E415870C9
195,1,196,USA/MEX,Bjorn SEGUIN,Deyanire ANGULO,60178,55132,4010,3,https://bwf.tournamentsoftware.com/player-profile/931AA975-B56E-469C-9DA5-E9C8575FE900,https://bwf.tournamentsoftware.com/player-profile/2E4E8C2A-101A-427C-BB44-D8B51E1FC68A
196,1,197,NZL/NZL,Oliver LEYDON-DAVIS,Emma CHAPPLE,27624,57043,3920,2,https://bwf.tournamentsoftware.com/player-profile/61096160-2785-49CF-8FF2-3993B8B1283A,https://bwf.tournamentsoftware.com/player-profile/36493E8F-7913-48AD-B66B-2B8D7F612869
196,1,197,INA/INA,Kusmawardana TRI,Nadya MELATI,56364,52733,3920,2,https://bwf.tournamentsoftware.com/player-profile/97555F14-FA93-47BE-8165-CBC91EE621EA,https://bwf.tournamentsoftware.com/player-profile/48841C8C-2302-4107-BD4D-71A8824AA97E
198,1,199,BEL/BEL,Freek GOLINSKI,Steffi ANNYS,55486,54470,3910,4,https://bwf.tournamentsoftware.com/player-profile/680D101B-43D4-4239-9CE9-5966B1850BC0,https://bwf.tournamentsoftware.com/player-profile/FC5F62BC-A039-4090-8F2C-94FEF8084CC9
199,-21,178,MAS/MAS,Mohd Fairuzizuan MOHD TAZARI,Pei Tty WONG,50147,9162,3890,2,https://bwf.tournamentsoftware.com/player-profile/DD37004B-B427-403A-BE9E-2F910CEC0042,https://bwf.tournamentsoftware.com/player-profile/6B93CD11-6369-4E68-8BFD-F403C9C6A058
199,1,200,CHN/CHN,QIU Zihan,ZHONG Qianxin,47277,86765,3890,2,https://bwf.tournamentsoftware.com/player-profile/755490C3-9137-40DB-8B49-8D56822C99B1,https://bwf.tournamentsoftware.com/player-profile/81C403C5-292D-4400-B9F1-D8FE951A3C84
199,1,200,IND/IND,K. S. Hersen,Meenakshi NAIR,40571,62603,3890,2,https://bwf.tournamentsoftware.com/player-profile/C89DB469-E120-40FD-B7ED-33A96EDB12B8,https://bwf.tournamentsoftware.com/player-profile/9BE308BC-2D3A-41A6-8F4B-30C476CFE811
202,0,202,RSA/RSA,Roelof Jakobus DEDNAM,Annari VILJOEN,14656,51657,3880,2,https://bwf.tournamentsoftware.com/player-profile/A6BBA3E3-9E93-484C-8D85-CB91BA6E1015,https://bwf.tournamentsoftware.com/player-profile/1BC40682-8595-4150-B631-23D6E3E8B9A8
203,0,203,JPN/JPN,Katsuhito SAKURAI,Yuka HAYASHI,55106,52067,3870,2,https://bwf.tournamentsoftware.com/player-profile/EB776802-FC8F-4F15-AF9F-3AB27E4CE930,https://bwf.tournamentsoftware.com/player-profile/DFF2A48B-0FF6-4D0E-A6BE-0CEA7015C0BA
204,0,204,THA/THA,Nipitphon PHUANGPHUAPET,Wiranpatch HONGCHOOKEAT,30342,46328,3810,3,https://bwf.tournamentsoftware.com/player-profile/9B99E110-3D94-435D-B2DF-D3523CB2A354,https://bwf.tournamentsoftware.com/player-profile/750B91E1-5D3C-48E7-9245-A36429BD8E3E
205,0,205,USA/USA,Hock Lai LEE,Priscilla LUN,53132,24987,3790,3,https://bwf.tournamentsoftware.com/player-profile/9FD7ADEB-A8B4-4064-B7DA-DEDB21ED3150,https://bwf.tournamentsoftware.com/player-profile/BF466006-DBC4-4429-8BBD-CBD786140D1E
206,0,206,FIN/FIN,Eetu HEINO,Noora VIRTA,54484,14408,3770,4,https://bwf.tournamentsoftware.com/player-profile/6D4F7384-7FE4-4BBB-BD3F-6A44461C036E,https://bwf.tournamentsoftware.com/player-profile/1509B0F8-BF26-4FD4-96A4-9F0547DEADF0
207,0,207,CAN/CAN,Adrian LIU,Phyllis CHAN,87626,74856,3760,3,https://bwf.tournamentsoftware.com/player-profile/65A0CDB6-5ADB-4E5C-BBB0-8F279B61A27F,https://bwf.tournamentsoftware.com/player-profile/EEE21EE2-BD91-46EC-98B9-E63174A947BF
208,0,208,GER/GER,Till ZANDER,Laura UFERMANN,98116,54409,3750,3,https://bwf.tournamentsoftware.com/player-profile/6FDE845F-E8ED-4010-BCC0-3DFE95B08F91,https://bwf.tournamentsoftware.com/player-profile/5877EBA9-E799-43FF-80AC-697D13BF7EA9
209,0,209,MAS/MAS,Mohd Razif ABDUL LATIF,Nairul Suhaida ABDUL LATIF,52705,53157,3740,2,https://bwf.tournamentsoftware.com/player-profile/CC12A000-B64D-42CA-8EC3-B3D78BE3A3DC,https://bwf.tournamentsoftware.com/player-profile/0065D95C-94E3-4809-9E6F-AFCF093E48DE
209,0,209,JPN/JPN,Yoshiteru HIROBE,Ayaka TAKAHASHI,46021,16981,3740,2,https://bwf.tournamentsoftware.com/player-profile/C70D82E3-23C5-4EE6-8455-59D27DD783A0,https://bwf.tournamentsoftware.com/player-profile/D7A1B626-34B4-420D-AB70-B70344C427E1
211,0,211,TPE/TPE,Hsin Hao LU,CHIANG Kai Hsin,35951,84929,3720,2,https://bwf.tournamentsoftware.com/player-profile/BAB8E95D-C828-4691-8422-923061489C39,https://bwf.tournamentsoftware.com/player-profile/44AF5632-212D-45F5-9C82-DAEC261AA6D7
212,0,212,INA/INA,Alvent Yulianto CHANDRA,Mona SANTOSO,11354,11326,3680,4,https://bwf.tournamentsoftware.com/player-profile/168E9F72-8DDC-45BD-91D5-8B72239E14E5,https://bwf.tournamentsoftware.com/player-profile/CCE10657-2991-45BD-8FC9-EB2529AEDBBF
213,0,213,THA/THA,Nuttaphon NARKTHONG,Peeraya MUNKITAMORN,14442,53591,3670,2,https://bwf.tournamentsoftware.com/player-profile/E3872A4B-5796-4C67-A3DC-16F302E7DB8C,https://bwf.tournamentsoftware.com/player-profile/AA6261F7-719F-43E2-920F-4E3012AF790E
215,0,215,THA/THA,Siriwat MATAYANUMATI,Thunphukkanan AMPUNSUWAN,15094,94019,3640,2,https://bwf.tournamentsoftware.com/player-profile/881FCBE1-B618-40F0-A960-F6B568B7C750,https://bwf.tournamentsoftware.com/player-profile/70C62968-669B-478F-B06E-45F6EA5C076D
216,0,216,ESP/ESP,Carlos LONGO,Haidee OJEDA,12919,54640,3510,3,https://bwf.tournamentsoftware.com/player-profile/7C2D6108-DC8A-4B71-B99A-069E8557954A,https://bwf.tournamentsoftware.com/player-profile/BD4A78D5-CD50-4424-823D-1E16EFF16024
217,0,217,NGR/NGR,Jinkan Ifraimu BULUS,Susan IDEH,51968,51684,3500,2,https://bwf.tournamentsoftware.com/player-profile/1CDBFCA6-53F6-4B9D-A6FF-309C88676D95,https://bwf.tournamentsoftware.com/player-profile/C6A3BE1D-3617-45E2-AE6C-2DCDAE87A958
218,-88,130,TPE/TPE,FANG Chieh Min,CHENG Wen Hsing,52930,10947,3420,2,https://bwf.tournamentsoftware.com/player-profile/6BC33BB5-869E-45D2-9D25-0A59E87394A5,https://bwf.tournamentsoftware.com/player-profile/0EC45A3B-10AA-4FBA-B9AB-4D374036EC92
219,-1,218,CUB/CUB,Osleni GUERRERO,Maria L HERNANDEZ,52364,52367,3370,2,https://bwf.tournamentsoftware.com/player-profile/9D87000D-56BF-4614-98D0-265DFB550D56,https://bwf.tournamentsoftware.com/player-profile/C25B040A-56C0-40E4-8AD4-CE756307B4C0
220,-1,219,MAS/MAS,LIM Khim Wah,Vivian HOO,54171,54149,3360,3,https://bwf.tournamentsoftware.com/player-profile/1844C871-C5F6-4B8E-985A-3543CD489F49,https://bwf.tournamentsoftware.com/player-profile/6F73C2D0-E610-4B9A-85C9-D176DF389E1E
221,-1,220,PHI/PHI,Kennevic ASUNCION,Kennie ASUNCION,8166,8179,3340,2,https://bwf.tournamentsoftware.com/player-profile/15AE1E74-617B-4A5E-9B65-A7493DE66FD7,https://bwf.tournamentsoftware.com/player-profile/5B1C842B-817C-44E4-A316-CCA56AED0AEB
221,-1,220,MEX/MEX,MELO David,Victoria MONTERO,55130,51917,3340,2,https://bwf.tournamentsoftware.com/player-profile/C647BE30-599A-4D18-AD28-7D3FA278A158,https://bwf.tournamentsoftware.com/player-profile/BF5AB77B-3980-427A-9B64-A2F9A1ACAEC0
221,-1,220,IND/IND,Jishnu SANYAL,P. Jyotshna,53943,99026,3340,2,https://bwf.tournamentsoftware.com/player-profile/07853744-E22C-47CA-B792-E2E24481E24A,https://bwf.tournamentsoftware.com/player-profile/1FDB55CB-E25B-4E41-8682-5682D638C5AA
224,-1,223,DOM/DOM,Nelson JAVIER,VIBIECA BERONICA,15591,68147,3270,3,https://bwf.tournamentsoftware.com/player-profile/0B4B2D2A-01CD-4300-9868-D93312B11939,https://bwf.tournamentsoftware.com/player-profile/A763DFE6-346E-4195-A00A-602E5E19978D
225,-1,224,NZL/NZL,Kevin DENNERLY-MINTURN,Emma RODGERS,54739,53638,3260,3,https://bwf.tournamentsoftware.com/player-profile/AE733592-9CA2-4584-BFB8-1D8D7D52528A,https://bwf.tournamentsoftware.com/player-profile/E182A18F-585C-40F7-B3D7-41F2B3AD32BD
226,-1,225,DOM/DOM,Jose Luis CABRERA,CABRERA OROSAMELI,71298,90677,3240,3,https://bwf.tournamentsoftware.com/player-profile/5222CB00-8933-4D0F-824B-AF265C04817E,https://bwf.tournamentsoftware.com/player-profile/A91A1E86-0507-44EB-861C-053F92E26E8C
227,-1,226,CAN/CAN,Francois BOURRET,Florence LAVOIE,55398,50997,3220,3,https://bwf.tournamentsoftware.com/player-profile/B58735F6-4634-444E-AB6F-2CB2F5D3353F,https://bwf.tournamentsoftware.com/player-profile/7A9D6CA7-2C7E-44EF-B15E-80856C74BC5B
228,-1,227,INA/INA,DELYNUGRAHA Muhammad Rizky,Richi Puspita DILI,16748,66907,3190,2,https://bwf.tournamentsoftware.com/player-profile/8F3C0F5A-C1AA-4A51-A35D-73B5B49CB385,https://bwf.tournamentsoftware.com/player-profile/34D85A0A-952D-41BB-9F0F-39735A98E9E1
229,-1,228,DOM/DOM,William CABRERA,Yomaira SANCHEZ,13654,15593,3150,3,https://bwf.tournamentsoftware.com/player-profile/7D9909A6-53F4-4D0E-A6B5-EFB8B195AFB4,https://bwf.tournamentsoftware.com/player-profile/E6F11534-A556-41BB-A8A5-8C18A6C04EA6
230,-1,229,SWE/SWE,Richard EIDESTEDT,Emma WENGBERG,53849,53848,3120,2,https://bwf.tournamentsoftware.com/player-profile/58408DFA-099A-4904-9F11-4D9FACCE2329,https://bwf.tournamentsoftware.com/player-profile/CE29D5CC-A4A9-47A0-8A9D-32A32BF5702A
230,-1,229,PUR/PUR,Julio DIAZ,gonzalez JANE,14261,78452,3120,2,https://bwf.tournamentsoftware.com/player-profile/76ED1552-5AD8-415C-9807-FD48985C1842,https://bwf.tournamentsoftware.com/player-profile/23D59DBD-28C1-4C53-9901-E650DADEA640
230,-1,229,MRI/MRI,Stephan BEEHARRY,Amrita SAWARAM,7865,8495,3120,2,https://bwf.tournamentsoftware.com/player-profile/A27C2F0D-A43E-4458-855A-73A1937D0E2D,https://bwf.tournamentsoftware.com/player-profile/1AAC6DD7-7FCE-4F0F-B02C-BEC86712EA18
234,-1,233,SCO/SCO,Watson BRIGGS,Emma MASON,51942,51957,3110,3,https://bwf.tournamentsoftware.com/player-profile/15BACC38-6EAD-408E-A695-3D6971FB9970,https://bwf.tournamentsoftware.com/player-profile/6B671709-3656-4D64-9E72-EEF58E04B1EB
235,-1,234,RUS/RUS,Anatoliy YARTSEV,Natalia PERMINOVA,60783,78605,3090,3,https://bwf.tournamentsoftware.com/player-profile/0FDFC284-41DB-41A4-BF27-AA2D573A736E,https://bwf.tournamentsoftware.com/player-profile/D5D25301-6DE3-44FF-9A00-6728CC96CFD5
236,-1,235,MEX/MEX,Mauricio CASILLAS,Marisol DOMINGUEZ,71784,54774,3090,2,https://bwf.tournamentsoftware.com/player-profile/5B584BCB-ED22-473B-A977-2FAAABE89809,https://bwf.tournamentsoftware.com/player-profile/45BA9724-1A99-4A62-BCA6-E33B0725FAE6
237,-1,236,SUI/SUI,Florian Schmid,Ennia BIEDERMANN,20107,34080,2990,3,https://bwf.tournamentsoftware.com/player-profile/42ED93D0-1532-47C4-80DC-5F3469B27C95,https://bwf.tournamentsoftware.com/player-profile/1FFE4B01-11BD-4878-87EE-7957D9119C39
238,-1,237,FRA/FRA,Ronan LABAR,Barbara MATIAS,22038,53323,2970,3,https://bwf.tournamentsoftware.com/player-profile/BE78B791-1966-46B5-B4AB-4C5A353F4CA8,https://bwf.tournamentsoftware.com/player-profile/6AE7598D-7D34-47DA-99C1-E19DFF9E1583
239,-1,238,FRA/FRA,Sebastien BOURBON,Julie DELAUNE,50082,52982,2900,4,https://bwf.tournamentsoftware.com/player-profile/44FD93F0-9F73-4BD2-B168-A2E7A79489D9,https://bwf.tournamentsoftware.com/player-profile/C1359FD1-C61C-443E-88FE-951E840B9BCC
240,-1,239,INA/INA,Lingga LIE,Keshya Nurvita HANADIA,53797,17156,2900,3,https://bwf.tournamentsoftware.com/player-profile/DA218CEB-425C-42F5-9EE4-18579BC1FE3B,https://bwf.tournamentsoftware.com/player-profile/297F7487-7DE7-4B96-B69A-5ACD06D5D414
241,-1,240,KOR/KOR,CHUNG Eui Seok,PARK Sun Young,99472,59590,2860,2,https://bwf.tournamentsoftware.com/player-profile/B3329EC4-D991-4420-9600-A6746DCA8D08,https://bwf.tournamentsoftware.com/player-profile/3DCA432B-E603-4673-9284-2B2E4D97DF90
242,-1,241,MAS/MAS,CHOOI Kah Ming,Hui Ern NG,65113,54801,2840,2,https://bwf.tournamentsoftware.com/player-profile/6DE3FB3E-8CC7-434D-B9A9-902AB1714AD0,https://bwf.tournamentsoftware.com/player-profile/B6160A77-3BC2-4D12-A3C0-34CCC210FDA7
242,-1,241,NCL/NCL,Marc Antoine DESAYMOZ,Johanna KOU,13316,13882,2840,2,https://bwf.tournamentsoftware.com/player-profile/AAAFA841-14A4-4D8D-A897-1A020B498D91,https://bwf.tournamentsoftware.com/player-profile/8CB3547A-BCB1-475C-BBCA-29E25BA7F259
242,-1,241,IND/IND,Venkat Gaurav PRASAD,Juhi DEWANGAN,78600,67854,2840,2,https://bwf.tournamentsoftware.com/player-profile/C80BF612-4883-420D-B3D8-EEB24511F684,https://bwf.tournamentsoftware.com/player-profile/9A4AFE85-266D-46C6-BB6D-307E5BDD1E1A
245,-1,244,TPE/TPE,LIN Yen Jui,HSIEH Pei Chen,52994,52998,2760,3,https://bwf.tournamentsoftware.com/player-profile/D58B2E17-EDEF-44D1-84A0-E3E1F42D81C0,https://bwf.tournamentsoftware.com/player-profile/BD0C7DB2-1FA8-4F50-9E5B-FDFE23B843BA
246,-1,245,RUS/RUS,Gordey KOSENKO,Oksana KOSENKO,53656,9248,2750,2,https://bwf.tournamentsoftware.com/player-profile/19D8E5D1-EB4A-45C1-BA1C-CF2C5B69850B,https://bwf.tournamentsoftware.com/player-profile/4D4572FB-045D-45C2-B634-891156074CC3
246,-1,245,TUR/TUR,Emre VURAL,Ozge BAYRAK,95196,94762,2750,2,https://bwf.tournamentsoftware.com/player-profile/B95FF14C-397A-4835-8DCF-EF72C28FC682,https://bwf.tournamentsoftware.com/player-profile/FB58D012-153E-436D-B0C4-CF6F0DD7ED92
248,-1,247,DEN/DEN,Mats BUE,Amanda MATHIASEN,73285,48977,2740,2,https://bwf.tournamentsoftware.com/player-profile/4BB5CCB9-A56D-468B-81B7-060F697A4718,https://bwf.tournamentsoftware.com/player-profile/4BD548C6-571E-48E5-97CC-4274C2079A56
249,-1,248,INA/INA,Wifqi WINDARTO,Anneke Feinya AGUSTIN,66922,55000,2730,4,https://bwf.tournamentsoftware.com/player-profile/34CCF491-6A78-47AB-9345-A7EC499E5C33,https://bwf.tournamentsoftware.com/player-profile/C58B6D0E-82CB-40DF-9FB7-0756D17FB8B8
250,-1,249,SWE/SWE,Joel JOHANSSON-BERG,Amanda HOGSTROM,69239,42703,2670,2,https://bwf.tournamentsoftware.com/player-profile/B4386661-7E2C-4E86-B426-6B6881C8EA84,https://bwf.tournamentsoftware.com/player-profile/BF4A1D39-1F3E-4E62-A58F-8E0D16F01BA2
251,251,0,TPE/TPE,LIN Yu Lang,CHENG Shao Chieh,53614,14864,2650,2,https://bwf.tournamentsoftware.com/player-profile/344F8EB9-BF9A-4679-A23F-EC63B0B125F6,https://bwf.tournamentsoftware.com/player-profile/554CF19A-0F24-4FB1-95BB-83D04F5F439F
251,-1,250,JPN/JPN,Yoshiteru HIROBE,Misaki MATSUTOMO,46021,43851,2650,2,https://bwf.tournamentsoftware.com/player-profile/C70D82E3-23C5-4EE6-8455-59D27DD783A0,https://bwf.tournamentsoftware.com/player-profile/3319278B-2545-4645-902F-16E00D23B3B2
253,-1,252,GUA/PER,Rodolfo RAMIREZ,Lorena DUANY,52347,54558,2620,2,https://bwf.tournamentsoftware.com/player-profile/4D346FCD-A9E2-48FF-9538-276D829DDCB3,https://bwf.tournamentsoftware.com/player-profile/C7DA2DB4-9F41-439E-A956-AC469D1C7E90
254,-1,253,BRA/BRA,Hugo ARTHUSO,Marina ELIEZER,53977,91099,2611,3,https://bwf.tournamentsoftware.com/player-profile/9DF9BEFD-3A12-4D6E-BB0D-1456D26636D4,https://bwf.tournamentsoftware.com/player-profile/F0F543C3-7E98-4797-AEC4-E792B3650077
255,-1,254,HUN/HUN,Akos VARGA,Orsolya VARGA,16227,51849,2590,5,https://bwf.tournamentsoftware.com/player-profile/FE8D0BA5-94A6-4BCB-BD80-3F22BD52466E,https://bwf.tournamentsoftware.com/player-profile/B4AB396E-AFBB-4BB4-A20E-03D1F06D9F89
256,-1,255,MAS/MAS,Jian Hao GOH,LAI Shevon Jemie,54231,56352,2590,2,https://bwf.tournamentsoftware.com/player-profile/0C4DBA96-0759-48C0-B63E-FFF7DE96ADF7,https://bwf.tournamentsoftware.com/player-profile/C2772AD0-D574-4CA7-B265-CDB2629143AA
256,-1,255,HKG/HKG,LO Lok Kei,POON Lok Yan,55291,55288,2590,2,https://bwf.tournamentsoftware.com/player-profile/6DD5EC5E-401E-423C-A706-B78D11522270,https://bwf.tournamentsoftware.com/player-profile/B4A050E9-0D0E-4770-9598-3A386777A3CD
256,-1,255,VIE/VIE,Nguyen Khang HUYNH,Nguyen Nhung LE NGOC,54658,50964,2590,2,https://bwf.tournamentsoftware.com/player-profile/96C623B2-B2F0-4019-8DA2-DFEB39C57D39,https://bwf.tournamentsoftware.com/player-profile/CE41C999-AFC8-4BF2-B7F7-595FFF4883F0
259,-1,258,MAS/MAS,Yao Han OW,LAI Pei Jing,70869,47007,2550,2,https://bwf.tournamentsoftware.com/player-profile/E1DAB160-A738-48F9-8A36-A7BA4BC3B19C,https://bwf.tournamentsoftware.com/player-profile/81E0F16F-B9F2-466D-915B-6F34DE77232B
260,-1,259,ECU/ECU,Santiago ZAMBRANO,Maria Laura ARCE,9577,53305,2540,2,https://bwf.tournamentsoftware.com/player-profile/D9934030-49D7-4424-B620-E5A72020E781,https://bwf.tournamentsoftware.com/player-profile/240BB502-0E19-4E75-B5BF-8855D4B55101
261,-1,260,NGR/NGR,Enejoh ABAH,Grace GABRIEL,44496,80210,2500,3,https://bwf.tournamentsoftware.com/player-profile/DEFBB04B-8780-47D5-8FCD-AC6436995C09,https://bwf.tournamentsoftware.com/player-profile/F4FF1AEF-4A3F-43DE-81F0-16F2D4284202
262,-1,261,SGP/USA,Zhao Jiang Terry YEO,Beiwen ZHANG,53771,53806,2470,2,https://bwf.tournamentsoftware.com/player-profile/DA28DF4B-3900-469C-8537-9DA800CBF635,https://bwf.tournamentsoftware.com/player-profile/CDD166DD-3FA5-41E9-BEC8-AE7134F1DFC6
263,-1,262,FIN/FIN,Tuomas NUORTEVA,Sanni RAUTALA,15456,53444,2460,3,https://bwf.tournamentsoftware.com/player-profile/9257E7DD-6610-4F62-8E8D-029CF6CE71EF,https://bwf.tournamentsoftware.com/player-profile/FAEE07DD-89AA-4F01-96E9-577EE9E99815
264,-1,263,RUS/RUS,Maxim DANCHENKO,DANCHENKO Anastasiya,53923,84249,2440,2,https://bwf.tournamentsoftware.com/player-profile/5981B7E5-D328-40A1-8BF1-A9F2615FFF5D,https://bwf.tournamentsoftware.com/player-profile/6ACFB7AE-4A0B-45EA-B204-0B541A52664A
264,-1,263,RUS/RUS,Vasily KUZNETSOV,Victoria SLOBODYANYUK,33253,67073,2440,2,https://bwf.tournamentsoftware.com/player-profile/68C9F6B0-EC57-458D-9AE3-F4D778613AF1,https://bwf.tournamentsoftware.com/player-profile/45E069FC-91E0-4286-A390-A0F6CDCBB79B
264,-1,263,RUS/RUS,Vladimir MALKOV,Alina ABRAMOVICH,51682,60070,2440,2,https://bwf.tournamentsoftware.com/player-profile/4B101ABC-CF0C-46B3-8469-E354592F74DA,https://bwf.tournamentsoftware.com/player-profile/B7668607-7025-47CF-A0F5-082BD884461F
264,-1,263,TPE/TPE,CHEN Chung Jen,PENG Hsiao Chu,99482,55177,2440,2,https://bwf.tournamentsoftware.com/player-profile/B1FAA04C-7054-4D1B-9C0B-EC0C807B9652,https://bwf.tournamentsoftware.com/player-profile/F967D6BE-67D4-4AF0-AD79-31D41D354210
264,-1,263,TPE/TPE,CHEN Chung Jen,CHIANG Pei Hsin,99482,54195,2440,2,https://bwf.tournamentsoftware.com/player-profile/B1FAA04C-7054-4D1B-9C0B-EC0C807B9652,https://bwf.tournamentsoftware.com/player-profile/AB5F3F60-2B93-4008-8048-4F2DCA5A1FBD
269,-1,268,RSA/RSA,Willem VILJOEN,Jade MORGAN,51604,46779,2340,2,https://bwf.tournamentsoftware.com/player-profile/998BE548-F976-4697-B63C-2510F0130244,https://bwf.tournamentsoftware.com/player-profile/594E8F96-ABA4-45E6-8A6E-11154B842003
269,-1,268,AUS/AUS,Ben MCCARTHY,Ann-Louise SLEE,5713,53607,2340,2,https://bwf.tournamentsoftware.com/player-profile/795F9827-9850-4E7D-B2DE-28758ACC1808,https://bwf.tournamentsoftware.com/player-profile/BE603136-466B-4C33-A460-92BCAE079AB9
269,-1,268,DEN/DEN,Tore VILHELMSEN,Sara THYGESEN,74360,68189,2340,2,https://bwf.tournamentsoftware.com/player-profile/E27890DF-2E75-4DFB-BFE1-EE5C91071460,https://bwf.tournamentsoftware.com/player-profile/2FF35D33-AF1B-41A9-816A-B675962432F6
269,-1,268,MEX/MEX,Arturo HERNANDEZ,Cynthia GONZALEZ,66431,24247,2340,2,https://bwf.tournamentsoftware.com/player-profile/5BED0185-B997-40BE-85AA-BA471278E3E2,https://bwf.tournamentsoftware.com/player-profile/294B0C57-827E-4C91-9BBD-CAA217057DE2
273,-1,272,CZE/CZE,Ondrej KOPRIVA,Miroslava VASKOVA,54462,52195,2300,4,https://bwf.tournamentsoftware.com/player-profile/8EAE9EA4-CEAC-42B2-8918-FE60E5B3891F,https://bwf.tournamentsoftware.com/player-profile/26AAC5DA-1D79-4018-82BB-DC8D9FFE20D3
274,-1,273,MRI/MRI,Sahir Abdool EDOO,Karen FOO KUNE,51549,9775,2290,2,https://bwf.tournamentsoftware.com/player-profile/F36175EE-89CD-42B2-B4BF-288D17EA498A,https://bwf.tournamentsoftware.com/player-profile/F05EDD87-D22E-4739-8823-FA88C5B66E73
274,-1,273,ENG/ENG,Matthew NOTTINGHAM,Helena LEWCZYNSKA,92632,27030,2290,2,https://bwf.tournamentsoftware.com/player-profile/E2E53638-C980-461D-804A-23AD010FECC5,https://bwf.tournamentsoftware.com/player-profile/77BEFCCF-B087-44BB-8DFD-9588B32E70D6
274,-1,273,SCO/SCO,Paul VAN RIETVELDE,Jillie COOPER,71395,53127,2290,2,https://bwf.tournamentsoftware.com/player-profile/EEFDD621-86BE-423F-A1B8-755AFE7A7B58,https://bwf.tournamentsoftware.com/player-profile/3C34D6CF-B1DB-4E20-B152-9A9835435266
274,-1,273,RSA/RSA,Robert ABRAHAMS,Stacey DOUBELL,70217,46778,2290,2,https://bwf.tournamentsoftware.com/player-profile/9BF19EA3-C0E9-4E2C-9E15-D49D705FAD1C,https://bwf.tournamentsoftware.com/player-profile/12A7A70A-6904-4437-8097-D2D031266B1A
274,-1,273,NGR/NGR,Ibrahim ADAMU,Ketu ILOFUAN,50675,51686,2290,2,https://bwf.tournamentsoftware.com/player-profile/7931B772-AC40-420C-88B0-B1ED22CFAE39,https://bwf.tournamentsoftware.com/player-profile/B3C48194-36BD-4736-87B6-07F6D1C55571
274,-1,273,EGY/EGY,Ali Ahmed EL KHATEEB,Dina NAGY,80660,82371,2290,2,https://bwf.tournamentsoftware.com/player-profile/639CB013-F742-4E63-BD5B-3DCE2CE83ED8,https://bwf.tournamentsoftware.com/player-profile/9BF4049F-711D-4F28-BFF6-2F187C790EFC
274,-1,273,DEN/DEN,Rene LINDSKOW,Louise HANSEN,42420,29419,2290,2,https://bwf.tournamentsoftware.com/player-profile/B3A08C2E-763D-4F57-A086-0716711830CF,https://bwf.tournamentsoftware.com/player-profile/2E30D66D-964B-4C87-A4B5-2B42ACE2BCC8
281,-1,280,SCO/ENG,Watson BRIGGS,Alyssa LIM,51942,90541,2200,3,https://bwf.tournamentsoftware.com/player-profile/15BACC38-6EAD-408E-A695-3D6971FB9970,https://bwf.tournamentsoftware.com/player-profile/D57516B0-A174-49C2-8BCB-A9A6AFD0E994
282,-1,281,SUI/SLO,Iztok UTROSA,Maja TVRDY,53872,12023,2120,2,https://bwf.tournamentsoftware.com/player-profile/B72357FC-35D1-4C31-A855-D5FE08813CA4,https://bwf.tournamentsoftware.com/player-profile/D865EB1B-9DBE-4EF0-B32C-CFDF192376E2
283,-1,282,VIE/VIE,Ngoc Thiet PHAM,Thi Be Tram NGUYEN,24885,46838,2090,2,https://bwf.tournamentsoftware.com/player-profile/A1C73AB5-1496-4867-8875-90C55D8A19BC,https://bwf.tournamentsoftware.com/player-profile/3D31196A-0374-47FD-828C-0F398A3FA547
283,-1,282,VIE/VIE,Nguyen Khang HUYNH,Lu Mai Vy VO,54658,53606,2090,2,https://bwf.tournamentsoftware.com/player-profile/96C623B2-B2F0-4019-8DA2-DFEB39C57D39,https://bwf.tournamentsoftware.com/player-profile/A725C0EA-765C-44AD-8A0C-C89C286B84EC
285,-1,284,NZL/NZL,Brent MILLER,Emma CHAPPLE,54740,57043,2070,3,https://bwf.tournamentsoftware.com/player-profile/33BB8026-C4EC-4DD9-A4DF-4DEA695294E4,https://bwf.tournamentsoftware.com/player-profile/36493E8F-7913-48AD-B66B-2B8D7F612869
286,-1,285,TPE/TPE,LIN Yu Lang,CHIANG Kai Hsin,53614,84929,1990,2,https://bwf.tournamentsoftware.com/player-profile/344F8EB9-BF9A-4679-A23F-EC63B0B125F6,https://bwf.tournamentsoftware.com/player-profile/44AF5632-212D-45F5-9C82-DAEC261AA6D7
287,-1,286,NCL/NCL,Sebastien ARIAS,Cecile SARENGAT,15661,13297,1922,2,https://bwf.tournamentsoftware.com/player-profile/680C6D5F-03F4-4700-9721-BDB01F5B8F63,https://bwf.tournamentsoftware.com/player-profile/2615A0A5-6A46-4009-8546-842A46D65293
288,-1,287,CRO/CRO,Zvonimir HOELBLING,Andrea ZVORC,29793,52253,1920,2,https://bwf.tournamentsoftware.com/player-profile/23E9C4E7-18DA-4F48-A0CF-6B3C9EF6F41F,https://bwf.tournamentsoftware.com/player-profile/47E644E7-D3B7-4A85-A48F-734B6E3BCCF0
288,-1,287,TUR/TUR,Ali KAYA,LI Shuang,51583,62224,1920,2,https://bwf.tournamentsoftware.com/player-profile/E29BE6C9-77DB-44CD-AB67-D2A47921D24B,https://bwf.tournamentsoftware.com/player-profile/565E5477-8DE2-48B7-B5B8-404A305E5419
288,-1,287,NCL/NCL,Fabien KADDOUR,Valerie SARENGAT,12679,11593,1920,2,https://bwf.tournamentsoftware.com/player-profile/9458529C-14F0-45B7-8610-53E3D2F6B078,https://bwf.tournamentsoftware.com/player-profile/CCC0B72C-FCB9-4ED6-8EF0-ACC643F246A6
291,-1,290,MAS/MAS,HEG Nelson Wei Keat,Maggie Pei Chi LIM,55992,86100,1900,3,https://bwf.tournamentsoftware.com/player-profile/F0C7EEE1-5C9C-44DF-A1E5-83E9F45D63F5,https://bwf.tournamentsoftware.com/player-profile/400D1FA1-B8A0-45A1-9BD9-002EF7626C41
292,-1,291,NED/NED,Jelle MAAS,Eefje MUSKENS,93455,54453,1860,3,https://bwf.tournamentsoftware.com/player-profile/2DB04B2E-405B-4C47-B120-AB7423FBBE0F,https://bwf.tournamentsoftware.com/player-profile/C40370DD-92EB-4065-922F-4B02C12383A0
293,-1,292,ESP/ESP,Jesus LORENZO,Maria MARQUEZ DIAZ,73037,52519,1840,2,https://bwf.tournamentsoftware.com/player-profile/53D8AE8B-B39E-4837-9952-9232D92B8C3F,https://bwf.tournamentsoftware.com/player-profile/CE557C47-9515-4170-9037-AA697CC76955
293,-1,292,NZL/NZL,Ashraf DHORAY,Clare CHAPPLE,57044,54743,1840,2,https://bwf.tournamentsoftware.com/player-profile/D4D37EAC-CD1C-4E8A-9BAD-A50AEEAD0E6D,https://bwf.tournamentsoftware.com/player-profile/CCD1CD02-C893-4B1E-ABA9-7D6FC18BFA2F
293,-1,292,UKR/UKR,Georgiy NATAROV,Olga PYVOVAROVA,39410,29305,1840,2,https://bwf.tournamentsoftware.com/player-profile/9C69F289-0147-4893-9D38-578EDDFCE409,https://bwf.tournamentsoftware.com/player-profile/B99D8495-013E-43E3-AA1C-9F8E7C19DD3E
293,-1,292,NGR/NGR,Ola FAGBEMI,Braimoh MARIA,39324,19954,1840,2,https://bwf.tournamentsoftware.com/player-profile/8998D21A-B53B-4779-A87A-BB3208D78DD8,https://bwf.tournamentsoftware.com/player-profile/09AB1ED4-05AA-4BBE-96A0-235792692F74
293,-1,292,CZE/CZE,Jakub BITMAN,Albta BOV,54443,39172,1840,2,https://bwf.tournamentsoftware.com/player-profile/46807397-1B96-4CB4-BD50-EDBAF1C9D745,https://bwf.tournamentsoftware.com/player-profile/CE5BAA3E-1B35-473A-9F0C-8AE2F0EF7AF0
293,-1,292,EGY/EGY,Mahmoud EL SAYAD,Nadine ASHRAF,91759,71367,1840,2,https://bwf.tournamentsoftware.com/player-profile/6B4D8466-617B-483D-993F-DB813460B69E,https://bwf.tournamentsoftware.com/player-profile/F87A025B-E2C8-4061-AFD6-0377037B2C70
293,-1,292,SCO/ENG,Paul VAN RIETVELDE,Alexandra LANGLEY,71395,30606,1840,2,https://bwf.tournamentsoftware.com/player-profile/EEFDD621-86BE-423F-A1B8-755AFE7A7B58,https://bwf.tournamentsoftware.com/player-profile/BE78D303-6C38-4723-99C2-1D5A22717D53
301,301,0,TPE/TPE,TSAI Chia Hsin,HSIEH Pei Chen,13189,52998,1800,2,https://bwf.tournamentsoftware.com/player-profile/5F55B60C-AA71-4609-88F7-6AEA913A55BC,https://bwf.tournamentsoftware.com/player-profile/BD0C7DB2-1FA8-4F50-9E5B-FDFE23B843BA
302,-2,300,NCL/NCL,Glenn GOWET,Melissa SANMOESTANOM,14749,20432,1770,2,https://bwf.tournamentsoftware.com/player-profile/ACA5329B-21AB-4678-8FEC-C7DA5A32FB23,https://bwf.tournamentsoftware.com/player-profile/4F24D6F8-28E0-461C-BE91-EEFA7380C341
303,-2,301,INA/INA,Didit JUANG,Yayu RAHAYU,67699,20976,1730,2,https://bwf.tournamentsoftware.com/player-profile/1AFE6DDA-149F-4217-8CD1-BE0351199C36,https://bwf.tournamentsoftware.com/player-profile/B3352591-D137-43A2-A392-CB043648215F
303,-2,301,INA/SGP,Berry ANGRIAWAN,Dellis YULIANA,23374,54282,1730,2,https://bwf.tournamentsoftware.com/player-profile/69C52627-D04B-4DC9-AE95-B0D190F4D708,https://bwf.tournamentsoftware.com/player-profile/B0244503-85B5-4CB6-9410-ED4E15F8E5B1
303,-2,301,INA/INA,Budi HARTONO,Aurien HUDIONO,94991,92819,1730,2,https://bwf.tournamentsoftware.com/player-profile/B3767583-5FD1-4F05-9AF3-4DA126B04566,https://bwf.tournamentsoftware.com/player-profile/A82A3D66-ED6B-4CC5-B91F-A1C02F1B10DB
303,-2,301,MKD/MDA,Filip MIHAILOVSKI,Dragana VOLKANOVSKA,67796,99505,1730,2,https://bwf.tournamentsoftware.com/player-profile/813CC7D6-16DE-4799-BDEB-24926C05A935,https://bwf.tournamentsoftware.com/player-profile/FD34082A-032C-4B9E-B1A8-8B727A66708D
307,-2,305,AUS/AUS,James PAYBODY,Spoorti RATTAN,46372,51634,1720,2,https://bwf.tournamentsoftware.com/player-profile/5374E1F3-88CE-4B40-BE37-B03C42C09F1F,https://bwf.tournamentsoftware.com/player-profile/BD2AEED0-9DFD-4658-9E48-D98C796E36EA
307,-2,305,NZL/NZL,Praveen TAYALAN,Michelle CHAN HK,67055,83800,1720,2,https://bwf.tournamentsoftware.com/player-profile/83DF37CD-866F-4BF3-8643-E47B66CE15B9,https://bwf.tournamentsoftware.com/player-profile/596034BF-4DAE-4CC7-B62F-C443F1030B58
307,-2,305,NZL/NZL,Simon KOO,Kritteka GREGORY,14354,57051,1720,2,https://bwf.tournamentsoftware.com/player-profile/47E34997-86D9-400B-9DEA-0D4171D49C04,https://bwf.tournamentsoftware.com/player-profile/28D16256-2161-4359-86C8-D84486F75546
307,-2,305,NZL/NZL,Jian Dee CHEW,Anna RANKIN,52710,38708,1720,2,https://bwf.tournamentsoftware.com/player-profile/39EECE3E-2A55-4F0C-A429-DB3FE6A8F044,https://bwf.tournamentsoftware.com/player-profile/BC6D9B3F-0FE0-430F-B64A-EFA32B2A4991
311,-2,309,UKR/UKR,Mykola SHKLIAIEV,Yuliya KAZARINOVA,43397,31914,1640,3,https://bwf.tournamentsoftware.com/player-profile/6F65F7C8-E461-461A-A84F-6A56EF72D0CB,https://bwf.tournamentsoftware.com/player-profile/A1FD9312-5348-4E58-AC8A-A61CAC355E4C
312,-2,310,BLR/BLR,Yauheni YAKAUCHUK,Anastasiya CHERNIAVSKAYA,52302,94400,1620,2,https://bwf.tournamentsoftware.com/player-profile/BF3986FE-5BAD-47DA-A877-6ED16B2ABA11,https://bwf.tournamentsoftware.com/player-profile/13CA8C78-6969-473C-BF8F-6A9B9622A7F9
313,-2,311,MAS/MAS,Wee Tat TAN,LAI Shevon Jemie,36107,56352,1600,2,https://bwf.tournamentsoftware.com/player-profile/D823C05F-3DF9-4647-A8ED-EDBE878828D8,https://bwf.tournamentsoftware.com/player-profile/C2772AD0-D574-4CA7-B265-CDB2629143AA
314,-2,312,CZE/CZE,Lukas ZEVL,Lucie HAVLOVA,44932,76266,1580,2,https://bwf.tournamentsoftware.com/player-profile/06C406F0-E9A0-48ED-95F3-197306270DBA,https://bwf.tournamentsoftware.com/player-profile/6EB58908-E24B-4C33-9326-7956E69AB81E
315,-2,313,FIN/FIN,Eemi SEPPALA,Oona SEPPALA,88203,54328,1540,2,https://bwf.tournamentsoftware.com/player-profile/44B92C13-25DD-4F74-A7ED-F650FA641826,https://bwf.tournamentsoftware.com/player-profile/5DFCB2C9-4FBF-4715-89E0-F87E581AE339
316,-2,314,ENG/ENG,Ben STAWSKI,Lauren SMITH,75735,80918,1470,2,https://bwf.tournamentsoftware.com/player-profile/83F9EE79-1740-43A2-BA7D-A9F4835C48F1,https://bwf.tournamentsoftware.com/player-profile/E3B7A373-D139-4BBB-92D7-E99B2B831F27
316,-2,314,UGA/UGA,Wilson TUKIRE,Margaret NANKABIRWA,79272,73464,1470,2,https://bwf.tournamentsoftware.com/player-profile/B1C80543-B070-474D-9096-B3CAE5C97CAE,https://bwf.tournamentsoftware.com/player-profile/90381BFF-BF20-4735-A777-A54C2DF1A058
316,-2,314,DEN/DEN,Christian NIELSEN,Laerke T. SOERENSEN,46869,81519,1470,2,https://bwf.tournamentsoftware.com/player-profile/AC49EF66-4CC4-4EE1-B9F8-41705F21F2DC,https://bwf.tournamentsoftware.com/player-profile/59B6F6BE-50A6-4C44-872C-E2485BB822CD
316,-2,314,RUS/RUS,Vladimir MALKOV,Tatjana BIBIK,51682,51261,1470,2,https://bwf.tournamentsoftware.com/player-profile/4B101ABC-CF0C-46B3-8469-E354592F74DA,https://bwf.tournamentsoftware.com/player-profile/2514A6DE-D8AB-4B65-9340-C2389C19C1CC
316,-2,314,IRL/IRL,Matthew GLEAVE,Sinead CHAMBERS,51984,47135,1470,2,https://bwf.tournamentsoftware.com/player-profile/A4BEEF1A-D3BE-4F79-A402-FC271EC90EBF,https://bwf.tournamentsoftware.com/player-profile/1ACFD18E-C9C0-45C7-A0CF-A24EE4FAFEE5
316,-2,314,TUR/TUR,Ramazan OZTURK,Neslihan YIGIT,60570,87885,1470,2,https://bwf.tournamentsoftware.com/player-profile/C1AC0C86-672F-4486-ABEB-1942005E690B,https://bwf.tournamentsoftware.com/player-profile/B458F084-183F-4AD9-87EC-B768664D0F18
316,-2,314,EGY/EGY,Ali Ahmed EL KHATEEB,Noran Hassan EL BANNA,80660,63827,1470,2,https://bwf.tournamentsoftware.com/player-profile/639CB013-F742-4E63-BD5B-3DCE2CE83ED8,https://bwf.tournamentsoftware.com/player-profile/A55499B6-FE50-495D-9F33-3D567D50D7C3
316,-2,314,EGY/EGY,Ahmed SALAH,Dina NAGY,55949,82371,1470,2,https://bwf.tournamentsoftware.com/player-profile/95DABE27-9C1D-4AF7-B92D-BB64B43BD310,https://bwf.tournamentsoftware.com/player-profile/9BF4049F-711D-4F28-BFF6-2F187C790EFC
316,-2,314,UGA/UGA,Brian SSUNNA,Bridget Shamim BANGI,66616,83532,1470,2,https://bwf.tournamentsoftware.com/player-profile/4DE97E8B-2E76-4045-91DF-D9B7DD85FD63,https://bwf.tournamentsoftware.com/player-profile/DC4AF423-68D6-4273-88BA-79978CC94C46
316,-2,314,GHA/GHA,Michael SAM,Theresa TETTEH,51969,15793,1470,2,https://bwf.tournamentsoftware.com/player-profile/AADEBE6C-E39F-4959-9165-B7F2414AF0CF,https://bwf.tournamentsoftware.com/player-profile/6BBD7DC4-6C88-4399-85A6-F346E65C5440
316,-2,314,SEY/SEY,Richie COURSE,Cynthia COURSE,69622,42674,1470,2,https://bwf.tournamentsoftware.com/player-profile/2FDF7247-C252-4D9B-8D22-2A3BA9A44F07,https://bwf.tournamentsoftware.com/player-profile/2238AB28-69B3-4889-9410-10D60FDBAACA
316,-2,314,GHA/GHA,ARYEE DANIEL,Stella Koteikai AMASAH,58181,69869,1470,2,https://bwf.tournamentsoftware.com/player-profile/2432E870-1FE4-4F21-B670-41CE836CBEC0,https://bwf.tournamentsoftware.com/player-profile/AAF5E78B-EE82-4398-9DD7-3EF8C617D001
328,-2,326,GER/GER,Max SCHWENGER,Isabel HERTTRICH,50324,98052,1340,2,https://bwf.tournamentsoftware.com/player-profile/85CCCF24-5D3D-422C-8EB2-D4CEE85035C0,https://bwf.tournamentsoftware.com/player-profile/8A29A574-5AC1-4BF1-A0F0-AD90FD97921D
328,-2,326,VIE/VIE,Cao Hieu PHAM,Huynh Ngoc Uyen LAM,46824,54678,1340,2,https://bwf.tournamentsoftware.com/player-profile/B74E4E62-C32A-438F-B02B-E41B02E385E2,https://bwf.tournamentsoftware.com/player-profile/082BA612-7E47-48EF-935B-375F1CF4CD5E
330,-2,328,NED/NED,Jim MIDDELBURG,Soraya DE VISCH EIJBERGEN,80238,93419,1310,3,https://bwf.tournamentsoftware.com/player-profile/49630B2C-7E8B-44CA-96E1-B2F159B53802,https://bwf.tournamentsoftware.com/player-profile/6B573A83-631F-4D22-92EC-610B8668BB0D
331,-2,329,KOR/KOR,KWON Yi Goo,CHANG Ye Na,53322,54361,1310,2,https://bwf.tournamentsoftware.com/player-profile/BAF5ADEF-4980-46E7-8C5E-0AAA9C732888,https://bwf.tournamentsoftware.com/player-profile/D932CDC1-56DF-4C0F-986A-F48051735267
332,-1,331,BAR/BAR,Kevin WOOD,Sabrina SCOTT,13287,54547,1172,2,https://bwf.tournamentsoftware.com/player-profile/760E2C08-05AF-4590-831B-2B8916FE4FFB,https://bwf.tournamentsoftware.com/player-profile/90878F3C-97DA-4748-9E17-E5D3DC3E2945
332,-1,331,MEX/MEX,GARRIDO Marcos,Deyanire ANGULO,55129,55132,1172,2,https://bwf.tournamentsoftware.com/player-profile/D7382E60-CBE2-433F-AB39-8266AE18847E,https://bwf.tournamentsoftware.com/player-profile/2E4E8C2A-101A-427C-BB44-D8B51E1FC68A
332,-1,331,FIJ/FIJ,Burty James MOLIA,Andra WHITESIDE,11587,13993,1172,2,https://bwf.tournamentsoftware.com/player-profile/05438D45-4320-41AA-BF6D-1E44E89C65D7,https://bwf.tournamentsoftware.com/player-profile/1C0F1899-3DEB-4377-83C2-375768CC0D37
335,-1,334,CHI/CHI,Andres TRIGO,Pamela MACAYA,89022,48398,1170,2,https://bwf.tournamentsoftware.com/player-profile/DE3847F2-AFEF-457E-90E5-0B4BDE40FB9C,https://bwf.tournamentsoftware.com/player-profile/88B63BF9-3B9F-4ADF-A03C-D276CE5DA474
335,-1,334,NCL/NCL,Florian FERRER,Natacha OFFLAVILLE,39281,71688,1170,2,https://bwf.tournamentsoftware.com/player-profile/BAF71D7B-6C59-4045-B1CD-EA4233710F8A,https://bwf.tournamentsoftware.com/player-profile/B0DDC361-B6FD-4E54-B5A4-127A0772CB77
337,-1,336,SEY/SEY,Kervin GHISLAIN,Allisen CAMILLE,62026,35438,1130,2,https://bwf.tournamentsoftware.com/player-profile/39F75E10-0658-4B10-A1B3-C9BF09ABF6FC,https://bwf.tournamentsoftware.com/player-profile/CDA6508A-0E63-469B-8516-D065855FF27A
337,-1,336,MRI/MRI,Saheer RAMRAKHA,Marlyse MARQUER,14942,14965,1130,2,https://bwf.tournamentsoftware.com/player-profile/62F3D4DF-A9C2-4CED-B97F-785FEA5726B6,https://bwf.tournamentsoftware.com/player-profile/1DAC365A-0BE2-47D5-BB1E-835FB1BAD866
337,-1,336,RUS/RUS,Evgeny VOROBJEV,Alexandra MIKHAILOVA,36025,84254,1130,2,https://bwf.tournamentsoftware.com/player-profile/435FE2A7-9659-4B41-BE2B-CB8FC853C9C5,https://bwf.tournamentsoftware.com/player-profile/31B541B2-14A7-4180-881C-C9960B6940D2
340,-1,339,RUS/RUS,Dmitiy BALANDIN,Elena KOMENDROVSKAJA,56404,36996,1100,2,https://bwf.tournamentsoftware.com/player-profile/B3664494-FE5A-4B0A-AA34-008A61B65EAB,https://bwf.tournamentsoftware.com/player-profile/F18E3300-304E-4900-81D4-A61B00477BCE
340,-1,339,TUR/TUR,Emre VURAL,Ebru TUNALI,95196,39255,1100,2,https://bwf.tournamentsoftware.com/player-profile/B95FF14C-397A-4835-8DCF-EF72C28FC682,https://bwf.tournamentsoftware.com/player-profile/4F6E69D0-3719-4A63-BC12-77FBD26926FF
340,-1,339,GHA/GHA,Daniel SAM,Linda Hammond OSEI,82852,72368,1100,2,https://bwf.tournamentsoftware.com/player-profile/4CF93048-CA70-44B7-8D2C-FB57CC9FCDB7,https://bwf.tournamentsoftware.com/player-profile/FBCC2779-4AE3-4ADB-8F1D-EEBC9C5ED1BD
343,-1,342,BUL/BUL,Peyo BOICHINOV,Dimitria POPSTOIKOVA,55206,53891,1090,2,https://bwf.tournamentsoftware.com/player-profile/7E4DD09D-1948-4E16-A92F-044439065270,https://bwf.tournamentsoftware.com/player-profile/EF9C642D-A143-44FB-BC4A-E075F47DE12F
344,-1,343,BEL/ROU,Birger ABTS,Sonia RATIU,86715,80494,1020,2,https://bwf.tournamentsoftware.com/player-profile/D4740FED-0535-46E1-9287-041D4E538C9A,https://bwf.tournamentsoftware.com/player-profile/3DEAEE60-F896-4A2C-86D2-875051E902F1
344,-1,343,TUR/TUR,Kamil Vehbe AKCEBE,Oznur CALISKAN,21470,53889,1020,2,https://bwf.tournamentsoftware.com/player-profile/17C2D8FD-51EB-4A08-ABA7-2198426791BA,https://bwf.tournamentsoftware.com/player-profile/0652BD30-A588-4A3E-A3D9-BB5627C53163
346,-1,345,SGP/SGP,Hao Cong Jeffrey WONG,Ting Ting THNG,53775,53792,980,2,https://bwf.tournamentsoftware.com/player-profile/971074C8-A215-4822-AA3D-A78ECCAD556E,https://bwf.tournamentsoftware.com/player-profile/BE994930-E9E9-462C-8612-C077A0669871
347,-1,346,ENG/ENG,Gary FOX,Alexandra LANGLEY,80101,30606,910,2,https://bwf.tournamentsoftware.com/player-profile/25C3F013-3E44-4BAE-9320-4F84790E319E,https://bwf.tournamentsoftware.com/player-profile/BE78D303-6C38-4723-99C2-1D5A22717D53
347,-1,346,INA/INA,Kusmawardana TRI,Athiatun RAHIMAH,56364,74182,910,2,https://bwf.tournamentsoftware.com/player-profile/97555F14-FA93-47BE-8165-CBC91EE621EA,https://bwf.tournamentsoftware.com/player-profile/0EAFD3BD-DFFE-401F-852A-1219E825E148
347,-1,346,SUI/SUI,Florian Schmid,Sabrina JAQUET,20107,54068,910,2,https://bwf.tournamentsoftware.com/player-profile/42ED93D0-1532-47C4-80DC-5F3469B27C95,https://bwf.tournamentsoftware.com/player-profile/F2108DAF-E325-457C-99D6-77806B05CBF3
350,1,351,NZL/NZL,THACKHAM Robbie,Moore MIKAYLA,70575,45195,770,2,https://bwf.tournamentsoftware.com/player-profile/862C15A9-D700-4C44-A01B-6452AB4D0F75,https://bwf.tournamentsoftware.com/player-profile/0BC42B12-24E5-4D3B-A38D-878560177B7A
351,1,352,UGA/UGA,Jacob MUSISI,Jovia KOMUHEMDO,91594,70919,760,2,https://bwf.tournamentsoftware.com/player-profile/92BBEC7A-6565-4556-A84D-41392D441A19,https://bwf.tournamentsoftware.com/player-profile/6259A621-A242-4824-A15D-7856CF11D424
351,1,352,EGY/EGY,Ahmed REDA,Alaa YOUSSEF,85934,52899,760,2,https://bwf.tournamentsoftware.com/player-profile/E107C2D8-A6DD-4050-9F44-1497542F1D3F,https://bwf.tournamentsoftware.com/player-profile/F885DC1E-D2B5-4E52-B421-7C08EC9A9DDA
351,1,352,GHA/GHA,Eric Attah NINKY,Evelyn BOTWE,60117,87815,760,2,https://bwf.tournamentsoftware.com/player-profile/219DACD1-DB8D-4BB1-A63A-CFB6B21C568B,https://bwf.tournamentsoftware.com/player-profile/5BFCD8D9-4401-4BCC-894A-458F45932352
354,1,355,SWE/SWE,Joakim ANDERSSON,karolina KOTTE,50381,65877,720,2,https://bwf.tournamentsoftware.com/player-profile/1414D8B6-807E-4E85-AD42-B00E90682A41,https://bwf.tournamentsoftware.com/player-profile/6998A97F-A657-43C6-9F10-200CA91E080E
354,1,355,BEL/BEL,Maxime MOREELS,Marie DEMY,25625,82229,720,2,https://bwf.tournamentsoftware.com/player-profile/DE33C888-230D-4E42-A67E-A44ED511969C,https://bwf.tournamentsoftware.com/player-profile/6D16ED6A-9BF8-46CF-852E-E343AA21367E
354,1,355,CRO/CRO,Neven RIHTAR,Petra PETRANOVIC,13754,54430,720,2,https://bwf.tournamentsoftware.com/player-profile/DA666FC3-847B-451C-B63F-B1826FDA4ED3,https://bwf.tournamentsoftware.com/player-profile/5EE72795-F62F-4C7E-8C68-FD8920291FFD
357,1,358,DEN/DEN,Mats BUE,Louise HANSEN,73285,29419,640,2,https://bwf.tournamentsoftware.com/player-profile/4BB5CCB9-A56D-468B-81B7-060F697A4718,https://bwf.tournamentsoftware.com/player-profile/2E30D66D-964B-4C87-A4B5-2B42ACE2BCC8
358,1,359,GER/GER,Nico COLDEWE,Inken WIENEFELD,20138,64126,580,2,https://bwf.tournamentsoftware.com/player-profile/AFF864C5-4E2F-4BF5-A83D-3AA439861A89,https://bwf.tournamentsoftware.com/player-profile/0D91E0F0-B22B-4C43-B0C3-F92272710A4E
359,1,360,HKG/HKG,LEE Chun Hei Reginald,CHEUNG Ngan Yi,92609,87709,560,2,https://bwf.tournamentsoftware.com/player-profile/F3B70A40-D62C-4308-B76E-18F86230EA15,https://bwf.tournamentsoftware.com/player-profile/375472CD-2242-4D7D-9937-94ED146F7ED7
360,1,361,GER/GER,Patrick KRAEMER,Mona REICH,53951,53219,390,2,https://bwf.tournamentsoftware.com/player-profile/D582F11B-8D1D-4738-827F-DC8519F5FEE8,https://bwf.tournamentsoftware.com/player-profile/FCE3D0AF-A06F-4CB5-B4AB-B085F992F060
360,1,361,BEL/BEL,Lionel WARNOTTE,Steffi ANNYS,52275,54470,390,2,https://bwf.tournamentsoftware.com/player-profile/2BFF538A-7598-4AFC-8330-6885D2F41CF5,https://bwf.tournamentsoftware.com/player-profile/FC5F62BC-A039-4090-8F2C-94FEF8084CC9
362,1,363,THA/CHN,Youthapoom AMITPAI,CHEN Yali,50734,14875,340,2,https://bwf.tournamentsoftware.com/player-profile/A0EA710C-A53D-4EA2-B5CD-2DB48C7E7A98,https://bwf.tournamentsoftware.com/player-profile/2ECE4BEB-4899-4305-BB47-427B852923A5
